Filename,Sum_Rewards,Steps,Difference
E1A1G1T1,406,6.0,1.4183122221234187e-14
E1A1G1T10,418,6.0,1.1031823586538457e-13
E1A1G1T11,405,6.0,1.1586172017456764e-13
E1A1G1T12,407,6.0,2.6818393904710404e-14
E1A1G1T13,383,6.0,6.990364411518552e-14
E1A1G1T14,439,6.0,5.034326240083186e-15
E1A1G1T15,395,6.0,3.9684953228390333e-14
E1A1G1T16,415,6.0,2.5446127050050263e-14
E1A1G1T17,437,6.0,1.9137763730925307e-14
E1A1G1T18,425,6.0,1.250200311944525e-14
E1A1G1T19,405,6.0,1.1977084520054025e-14
E1A1G1T2,395,6.0,7.107766142623313e-14
E1A1G1T20,421,6.0,1.272012755001127e-14
E1A1G1T21,379,6.0,4.4759025218974e-14
E1A1G1T22,404,6.0,9.912575669382278e-14
E1A1G1T23,402,6.0,2.818228423879691e-14
E1A1G1T24,399,6.0,2.8744367149902746e-14
E1A1G1T25,396,6.0,3.0006497910321436e-14
E1A1G1T26,405,6.0,1.574976259674022e-14
E1A1G1T27,383,6.0,6.306942315476819e-14
E1A1G1T28,424,6.0,6.790338830398046e-15
E1A1G1T29,424,6.0,3.3568813236974657e-14
E1A1G1T3,385,6.0,1.2002411122814284e-14
E1A1G1T30,409,6.0,2.0882003516185397e-14
E1A1G1T31,421,6.0,1.2070278367163614e-14
E1A1G1T32,400,6.0,3.6338833744161347e-14
E1A1G1T33,403,6.0,1.7839791300739143e-14
E1A1G1T34,450,6.0,1.6930893502237112e-14
E1A1G1T35,349,6.0,4.664843759989918e-13
E1A1G1T36,430,6.0,1.3694669131376089e-14
E1A1G1T37,392,6.0,8.461672922877007e-14
E1A1G1T38,413,6.0,7.46564776958527e-14
E1A1G1T39,395,6.0,3.335435052983962e-14
E1A1G1T4,393,6.0,9.772297399493013e-14
E1A1G1T40,424,6.0,2.4187199132963378e-14
E1A1G1T5,389,6.0,1.005364699504423e-13
E1A1G1T6,413,6.0,4.862947503821234e-14
E1A1G1T7,428,6.0,2.23148745194304e-14
E1A1G1T8,408,6.0,3.4291851254541887e-14
E1A1G1T9,348,6.0,4.051648949611637e-14
E1A1G4T1,368,6.0,4.4744917840344733e-11
E1A1G4T10,374,6.0,4.2496137251518684e-11
E1A1G4T11,397,6.0,4.4189591222321126e-12
E1A1G4T12,388,6.0,1.0228981290466566e-11
E1A1G4T13,410,6.0,9.876918727336204e-12
E1A1G4T14,417,6.0,3.852709817842026e-12
E1A1G4T15,416,6.0,7.105444704835763e-13
E1A1G4T16,420,6.0,9.907126768265993e-12
E1A1G4T17,415,6.0,1.8900836624979878e-11
E1A1G4T18,404,6.0,2.1852537140931713e-11
E1A1G4T19,423,6.0,7.285568849602075e-12
E1A1G4T2,377,6.0,3.5526863135376674e-11
E1A1G4T20,462,6.0,4.299095801574282e-13
E1A1G4T21,391,6.0,6.02835884509767e-11
E1A1G4T22,391,6.0,1.6678050000079603e-11
E1A1G4T23,442,6.0,1.1221219266277505e-12
E1A1G4T24,392,6.0,8.03354041276072e-12
E1A1G4T25,452,6.0,1.3973024126645583e-12
E1A1G4T26,395,6.0,1.7113731438922475e-11
E1A1G4T27,425,6.0,2.7995913746969858e-11
E1A1G4T28,392,6.0,6.96256940990736e-12
E1A1G4T29,387,6.0,1.0541605782732333e-11
E1A1G4T3,403,6.0,1.7371555149220397e-11
E1A1G4T30,419,6.0,1.7617361562638491e-12
E1A1G4T31,393,6.0,2.7117694374745316e-11
E1A1G4T32,429,6.0,1.1141954546489696e-11
E1A1G4T33,423,6.0,1.2360637687003352e-11
E1A1G4T34,380,6.0,1.066154456386137e-11
E1A1G4T35,372,6.0,1.6899636638006976e-11
E1A1G4T36,396,6.0,3.3531706057632338e-12
E1A1G4T37,377,6.0,3.2430386501247632e-12
E1A1G4T38,418,6.0,3.4178801282258586e-12
E1A1G4T39,455,6.0,2.801548923403452e-12
E1A1G4T4,416,6.0,3.636726987263361e-11
E1A1G4T40,418,6.0,1.2874887787839295e-12
E1A1G4T5,386,6.0,1.469648621549302e-11
E1A1G4T6,400,6.0,2.0515030646484078e-11
E1A1G4T7,432,6.0,1.4370261491175595e-11
E1A1G4T8,416,6.0,2.9246717894726437e-12
E1A1G4T9,431,6.0,4.743290829556379e-12
E1A1G6T1,418,6.0,1.6913116740457923e-11
E1A1G6T10,414,6.0,4.7824771920446096e-11
E1A1G6T11,375,6.0,1.697011108026114e-10
E1A1G6T12,394,6.0,9.673192108428097e-11
E1A1G6T13,414,6.0,3.124542985455392e-11
E1A1G6T14,383,6.0,1.1622942192035524e-10
E1A1G6T15,418,6.0,6.309898437084627e-11
E1A1G6T16,422,6.0,3.758414066079574e-11
E1A1G6T17,378,6.0,1.9519941218959502e-10
E1A1G6T18,391,6.0,2.0998371097480373e-10
E1A1G6T19,438,6.0,6.65665092491885e-12
E1A1G6T2,412,6.0,2.1123981036597073e-11
E1A1G6T20,471,6.0,3.5439359780120583e-12
E1A1G6T21,390,6.0,7.063591031530869e-11
E1A1G6T22,418,6.0,1.533879967485774e-11
E1A1G6T23,365,6.0,8.60111495915028e-11
E1A1G6T24,420,6.0,1.787380660145388e-11
E1A1G6T25,399,6.0,7.07536911004336e-11
E1A1G6T26,385,6.0,7.2245601862031e-11
E1A1G6T27,363,6.0,1.2798671393532413e-09
E1A1G6T28,370,6.0,5.980973286079383e-10
E1A1G6T29,418,6.0,2.1601463673359686e-11
E1A1G6T3,422,6.0,6.094016957725046e-11
E1A1G6T30,432,6.0,9.204049328248587e-11
E1A1G6T31,399,6.0,1.2799914253514008e-10
E1A1G6T32,426,6.0,1.1969075036644128e-11
E1A1G6T33,397,6.0,4.4495060413929366e-11
E1A1G6T34,401,6.0,1.199222630920982e-10
E1A1G6T35,422,6.0,1.6885614434469787e-11
E1A1G6T36,397,6.0,9.082743585020481e-11
E1A1G6T37,394,6.0,5.117302762092102e-11
E1A1G6T38,372,6.0,2.2022769718965662e-10
E1A1G6T39,413,6.0,6.899179144648215e-12
E1A1G6T4,415,6.0,2.8936526785816593e-11
E1A1G6T40,387,6.0,1.75772299493282e-10
E1A1G6T5,416,6.0,6.487517814623978e-11
E1A1G6T6,400,6.0,7.855809058820995e-11
E1A1G6T7,437,6.0,5.699364591382761e-12
E1A1G6T8,402,6.0,1.8546181951295537e-11
E1A1G6T9,388,6.0,1.9140047186061437e-11
E1A1G9T1,410,6.0,8.648448623915783e-11
E1A1G9T10,399,6.0,6.431843946330673e-11
E1A1G9T11,390,6.0,2.4533308717877844e-10
E1A1G9T12,407,6.0,3.9537839668923875e-10
E1A1G9T13,419,6.0,1.24285082225839e-10
E1A1G9T14,392,6.0,6.699450438851784e-10
E1A1G9T15,361,6.0,3.3664655507692487e-09
E1A1G9T16,417,6.0,5.501005206909326e-11
E1A1G9T17,427,6.0,9.680128920663833e-11
E1A1G9T18,425,6.0,8.23192070065204e-11
E1A1G9T19,401,6.0,7.580663874406923e-10
E1A1G9T2,453,6.0,3.540573390026225e-11
E1A1G9T20,427,6.0,1.1425632662209749e-10
E1A1G9T21,410,6.0,6.92119861422924e-10
E1A1G9T22,414,6.0,3.7588909762575895e-10
E1A1G9T23,437,6.0,6.131554708410647e-10
E1A1G9T24,412,6.0,7.167699767052227e-11
E1A1G9T25,444,6.0,3.2192748466997045e-11
E1A1G9T26,386,6.0,2.675640653482247e-09
E1A1G9T27,420,6.0,1.396513460427684e-10
E1A1G9T28,413,6.0,2.518765196413142e-10
E1A1G9T29,391,6.0,2.5189211827481017e-10
E1A1G9T3,392,6.0,2.623431583081981e-09
E1A1G9T30,428,6.0,1.8095525078365426e-10
E1A1G9T31,388,6.0,5.284732651489321e-10
E1A1G9T32,424,6.0,1.278782635338871e-11
E1A1G9T33,401,6.0,2.1854951182120885e-10
E1A1G9T34,402,6.0,6.214135317428315e-10
E1A1G9T35,430,6.0,2.2306934077676033e-11
E1A1G9T36,410,6.0,1.2310462649267606e-09
E1A1G9T37,407,6.0,3.870198606037434e-11
E1A1G9T38,398,6.0,2.0046159177056208e-10
E1A1G9T39,419,6.0,9.418893442969534e-11
E1A1G9T4,443,6.0,4.0924147404197697e-10
E1A1G9T40,437,6.0,5.6895099742604316e-11
E1A1G9T5,376,6.0,6.66905808355267e-10
E1A1G9T6,418,6.0,3.013738703039337e-10
E1A1G9T7,409,6.0,6.725640600002691e-10
E1A1G9T8,460,6.0,3.715505680901287e-11
E1A1G9T9,448,6.0,1.6869783348028022e-11
E1A4G1T1,425,6.0,0.0
E1A4G1T10,411,6.0,0.0
E1A4G1T11,419,6.0,0.0
E1A4G1T12,428,6.0,0.0
E1A4G1T13,463,6.0,0.0
E1A4G1T14,411,6.0,0.0
E1A4G1T15,390,6.0,0.0
E1A4G1T16,450,6.0,0.0
E1A4G1T17,428,6.0,0.0
E1A4G1T18,430,6.0,0.0
E1A4G1T19,478,6.0,0.0
E1A4G1T2,455,6.0,0.0
E1A4G1T20,437,6.0,0.0
E1A4G1T21,418,6.0,0.0
E1A4G1T22,417,6.0,0.0
E1A4G1T23,464,6.0,0.0
E1A4G1T24,426,6.0,0.0
E1A4G1T25,409,6.0,0.0
E1A4G1T26,411,6.0,0.0
E1A4G1T27,412,6.0,0.0
E1A4G1T28,412,6.0,0.0
E1A4G1T29,449,6.0,0.0
E1A4G1T3,460,6.0,0.0
E1A4G1T30,426,6.0,0.0
E1A4G1T31,411,6.0,0.0
E1A4G1T32,444,6.0,0.0
E1A4G1T33,404,6.0,0.0
E1A4G1T34,453,6.0,0.0
E1A4G1T35,459,6.0,0.0
E1A4G1T36,442,6.0,0.0
E1A4G1T37,429,6.0,0.0
E1A4G1T38,443,6.0,0.0
E1A4G1T39,425,6.0,0.0
E1A4G1T4,449,6.0,0.0
E1A4G1T40,445,6.0,0.0
E1A4G1T5,467,6.0,0.0
E1A4G1T6,396,6.0,0.0
E1A4G1T7,441,6.0,0.0
E1A4G1T8,404,6.0,0.0
E1A4G1T9,459,6.0,0.0
E1A4G4T1,441,6.0,0.0
E1A4G4T10,429,6.0,0.0
E1A4G4T11,426,6.0,0.0
E1A4G4T12,433,6.0,0.0
E1A4G4T13,390,6.0,0.0
E1A4G4T14,438,6.0,0.0
E1A4G4T15,403,6.0,0.0
E1A4G4T16,429,6.0,0.0
E1A4G4T17,432,6.0,0.0
E1A4G4T18,429,6.0,0.0
E1A4G4T19,402,6.0,0.0
E1A4G4T2,426,6.0,0.0
E1A4G4T20,443,6.0,0.0
E1A4G4T21,499,6.0,0.0
E1A4G4T22,426,6.0,0.0
E1A4G4T23,425,6.0,0.0
E1A4G4T24,446,6.0,0.0
E1A4G4T25,406,6.0,0.0
E1A4G4T26,400,6.0,0.0
E1A4G4T27,440,6.0,0.0
E1A4G4T28,465,6.0,0.0
E1A4G4T29,412,6.0,0.0
E1A4G4T3,426,6.0,0.0
E1A4G4T30,445,6.0,0.0
E1A4G4T31,417,6.0,0.0
E1A4G4T32,434,6.0,0.0
E1A4G4T33,429,6.0,0.0
E1A4G4T34,421,6.0,0.0
E1A4G4T35,452,6.0,0.0
E1A4G4T36,415,6.0,0.0
E1A4G4T37,411,6.0,0.0
E1A4G4T38,442,6.0,0.0
E1A4G4T39,437,6.0,0.0
E1A4G4T4,408,6.0,0.0
E1A4G4T40,422,6.0,0.0
E1A4G4T5,435,6.0,0.0
E1A4G4T6,445,6.0,0.0
E1A4G4T7,440,6.0,0.0
E1A4G4T8,462,6.0,0.0
E1A4G4T9,415,6.0,0.0
E1A4G6T1,426,6.0,0.0
E1A4G6T10,402,6.0,0.0
E1A4G6T11,438,6.0,0.0
E1A4G6T12,421,6.0,0.0
E1A4G6T13,472,6.0,0.0
E1A4G6T14,452,6.0,0.0
E1A4G6T15,455,6.0,0.0
E1A4G6T16,400,6.0,0.0
E1A4G6T17,451,6.0,0.0
E1A4G6T18,431,6.0,0.0
E1A4G6T19,441,6.0,0.0
E1A4G6T2,450,6.0,0.0
E1A4G6T20,419,6.0,0.0
E1A4G6T21,446,6.0,0.0
E1A4G6T22,418,6.0,0.0
E1A4G6T23,420,6.0,0.0
E1A4G6T24,443,6.0,0.0
E1A4G6T25,447,6.0,0.0
E1A4G6T26,433,6.0,0.0
E1A4G6T27,402,6.0,0.0
E1A4G6T28,427,6.0,0.0
E1A4G6T29,427,6.0,0.0
E1A4G6T3,417,6.0,0.0
E1A4G6T30,412,6.0,0.0
E1A4G6T31,416,6.0,0.0
E1A4G6T32,449,6.0,0.0
E1A4G6T33,405,6.0,0.0
E1A4G6T34,421,6.0,0.0
E1A4G6T35,432,6.0,0.0
E1A4G6T36,441,6.0,0.0
E1A4G6T37,479,6.0,0.0
E1A4G6T38,438,6.0,0.0
E1A4G6T39,411,6.0,0.0
E1A4G6T4,470,6.0,0.0
E1A4G6T40,421,6.0,0.0
E1A4G6T5,416,6.0,0.0
E1A4G6T6,455,6.0,0.0
E1A4G6T7,431,6.0,0.0
E1A4G6T8,429,6.0,0.0
E1A4G6T9,413,6.0,0.0
E1A4G9T1,445,6.0,0.0
E1A4G9T10,399,6.0,0.0
E1A4G9T11,420,6.0,0.0
E1A4G9T12,441,6.0,0.0
E1A4G9T13,410,6.0,0.0
E1A4G9T14,427,6.0,0.0
E1A4G9T15,444,6.0,0.0
E1A4G9T16,444,6.0,0.0
E1A4G9T17,437,6.0,0.0
E1A4G9T18,425,6.0,0.0
E1A4G9T19,427,6.0,0.0
E1A4G9T2,422,6.0,0.0
E1A4G9T20,444,6.0,0.0
E1A4G9T21,452,6.0,0.0
E1A4G9T22,433,6.0,0.0
E1A4G9T23,436,6.0,0.0
E1A4G9T24,431,6.0,0.0
E1A4G9T25,441,6.0,0.0
E1A4G9T26,454,6.0,0.0
E1A4G9T27,445,6.0,0.0
E1A4G9T28,437,6.0,0.0
E1A4G9T29,471,6.0,0.0
E1A4G9T3,435,6.0,0.0
E1A4G9T30,433,6.0,0.0
E1A4G9T31,393,6.0,0.0
E1A4G9T32,406,6.0,0.0
E1A4G9T33,442,6.0,0.0
E1A4G9T34,450,6.0,0.0
E1A4G9T35,456,6.0,0.0
E1A4G9T36,404,6.0,0.0
E1A4G9T37,417,6.0,0.0
E1A4G9T38,453,6.0,0.0
E1A4G9T39,430,6.0,0.0
E1A4G9T4,443,6.0,0.0
E1A4G9T40,437,6.0,0.0
E1A4G9T5,433,6.0,0.0
E1A4G9T6,467,6.0,0.0
E1A4G9T7,419,6.0,0.0
E1A4G9T8,422,6.0,0.0
E1A4G9T9,439,6.0,0.0
E1A6G1T1,433,6.0,0.0
E1A6G1T10,421,6.0,0.0
E1A6G1T11,446,6.0,0.0
E1A6G1T12,422,6.0,0.0
E1A6G1T13,446,6.0,0.0
E1A6G1T14,465,6.0,0.0
E1A6G1T15,422,6.0,0.0
E1A6G1T16,469,6.0,0.0
E1A6G1T17,404,6.0,0.0
E1A6G1T18,432,6.0,0.0
E1A6G1T19,428,6.0,0.0
E1A6G1T2,439,6.0,0.0
E1A6G1T20,421,6.0,0.0
E1A6G1T21,416,6.0,0.0
E1A6G1T22,391,6.0,0.0
E1A6G1T23,427,6.0,0.0
E1A6G1T24,420,6.0,0.0
E1A6G1T25,446,6.0,0.0
E1A6G1T26,463,6.0,0.0
E1A6G1T27,407,6.0,0.0
E1A6G1T28,448,6.0,0.0
E1A6G1T29,408,6.0,0.0
E1A6G1T3,474,6.0,0.0
E1A6G1T30,411,6.0,0.0
E1A6G1T31,442,6.0,0.0
E1A6G1T32,431,6.0,0.0
E1A6G1T33,443,6.0,0.0
E1A6G1T34,443,6.0,0.0
E1A6G1T35,420,6.0,0.0
E1A6G1T36,434,6.0,0.0
E1A6G1T37,400,6.0,0.0
E1A6G1T38,431,6.0,0.0
E1A6G1T39,418,6.0,0.0
E1A6G1T4,461,6.0,0.0
E1A6G1T40,430,6.0,0.0
E1A6G1T5,442,6.0,0.0
E1A6G1T6,400,6.0,0.0
E1A6G1T7,464,6.0,0.0
E1A6G1T8,466,6.0,0.0
E1A6G1T9,441,6.0,0.0
E1A6G4T1,412,6.0,0.0
E1A6G4T10,424,6.0,0.0
E1A6G4T11,426,6.0,0.0
E1A6G4T12,447,6.0,0.0
E1A6G4T13,427,6.0,0.0
E1A6G4T14,438,6.0,0.0
E1A6G4T15,447,6.0,0.0
E1A6G4T16,457,6.0,0.0
E1A6G4T17,441,6.0,0.0
E1A6G4T18,420,6.0,0.0
E1A6G4T19,418,6.0,0.0
E1A6G4T2,406,6.0,0.0
E1A6G4T20,473,6.0,0.0
E1A6G4T21,477,6.0,0.0
E1A6G4T22,457,6.0,0.0
E1A6G4T23,471,6.0,0.0
E1A6G4T24,436,6.0,0.0
E1A6G4T25,420,6.0,0.0
E1A6G4T26,475,6.0,0.0
E1A6G4T27,411,6.0,0.0
E1A6G4T28,460,6.0,0.0
E1A6G4T29,422,6.0,0.0
E1A6G4T3,447,6.0,0.0
E1A6G4T30,453,6.0,0.0
E1A6G4T31,435,6.0,0.0
E1A6G4T32,445,6.0,0.0
E1A6G4T33,424,6.0,0.0
E1A6G4T34,451,6.0,0.0
E1A6G4T35,442,6.0,0.0
E1A6G4T36,453,6.0,0.0
E1A6G4T37,428,6.0,0.0
E1A6G4T38,437,6.0,0.0
E1A6G4T39,415,6.0,0.0
E1A6G4T4,406,6.0,0.0
E1A6G4T40,373,6.0,0.0
E1A6G4T5,420,6.0,0.0
E1A6G4T6,386,6.0,0.0
E1A6G4T7,454,6.0,0.0
E1A6G4T8,394,6.0,0.0
E1A6G4T9,407,6.0,0.0
E1A6G6T1,430,6.0,0.0
E1A6G6T10,420,6.0,0.0
E1A6G6T11,447,6.0,0.0
E1A6G6T12,385,6.0,0.0
E1A6G6T13,432,6.0,0.0
E1A6G6T14,436,6.0,0.0
E1A6G6T15,416,6.0,0.0
E1A6G6T16,406,6.0,0.0
E1A6G6T17,437,6.0,0.0
E1A6G6T18,426,6.0,0.0
E1A6G6T19,464,6.0,0.0
E1A6G6T2,466,6.0,0.0
E1A6G6T20,418,6.0,0.0
E1A6G6T21,411,6.0,0.0
E1A6G6T22,438,6.0,0.0
E1A6G6T23,449,6.0,0.0
E1A6G6T24,453,6.0,0.0
E1A6G6T25,456,6.0,0.0
E1A6G6T26,407,6.0,0.0
E1A6G6T27,449,6.0,0.0
E1A6G6T28,470,6.0,0.0
E1A6G6T29,446,6.0,0.0
E1A6G6T3,449,6.0,0.0
E1A6G6T30,452,6.0,0.0
E1A6G6T31,443,6.0,0.0
E1A6G6T32,452,6.0,0.0
E1A6G6T33,430,6.0,0.0
E1A6G6T34,445,6.0,0.0
E1A6G6T35,431,6.0,0.0
E1A6G6T36,459,6.0,0.0
E1A6G6T37,430,6.0,0.0
E1A6G6T38,395,6.0,0.0
E1A6G6T39,447,6.0,0.0
E1A6G6T4,449,6.0,0.0
E1A6G6T40,427,6.0,0.0
E1A6G6T5,379,6.0,0.0
E1A6G6T6,413,6.0,0.0
E1A6G6T7,408,6.0,0.0
E1A6G6T8,479,6.0,0.0
E1A6G6T9,422,6.0,0.0
E1A6G9T1,431,6.0,0.0
E1A6G9T10,430,6.0,0.0
E1A6G9T11,446,6.0,0.0
E1A6G9T12,450,6.0,0.0
E1A6G9T13,435,6.0,0.0
E1A6G9T14,435,6.0,0.0
E1A6G9T15,436,6.0,0.0
E1A6G9T16,460,6.0,0.0
E1A6G9T17,476,6.0,0.0
E1A6G9T18,442,6.0,0.0
E1A6G9T19,445,6.0,0.0
E1A6G9T2,432,6.0,0.0
E1A6G9T20,411,6.0,0.0
E1A6G9T21,454,6.0,0.0
E1A6G9T22,431,6.0,0.0
E1A6G9T23,454,6.0,0.0
E1A6G9T24,467,6.0,0.0
E1A6G9T25,422,6.0,0.0
E1A6G9T26,432,6.0,0.0
E1A6G9T27,411,6.0,0.0
E1A6G9T28,450,6.0,0.0
E1A6G9T29,440,6.0,0.0
E1A6G9T3,415,6.0,0.0
E1A6G9T30,442,6.0,0.0
E1A6G9T31,443,6.0,0.0
E1A6G9T32,446,6.0,0.0
E1A6G9T33,441,6.0,0.0
E1A6G9T34,447,6.0,0.0
E1A6G9T35,434,6.0,0.0
E1A6G9T36,387,6.0,0.0
E1A6G9T37,421,6.0,0.0
E1A6G9T38,469,6.0,0.0
E1A6G9T39,423,6.0,0.0
E1A6G9T4,423,6.0,0.0
E1A6G9T40,424,6.0,0.0
E1A6G9T5,447,6.0,0.0
E1A6G9T6,444,6.0,0.0
E1A6G9T7,403,6.0,0.0
E1A6G9T8,425,6.0,0.0
E1A6G9T9,428,6.0,0.0
E1A9G1T1,468,6.0,0.0
E1A9G1T10,397,6.0,0.0
E1A9G1T11,415,6.0,0.0
E1A9G1T12,450,6.0,0.0
E1A9G1T13,486,6.0,0.0
E1A9G1T14,425,6.0,0.0
E1A9G1T15,426,6.0,0.0
E1A9G1T16,434,6.0,0.0
E1A9G1T17,398,6.0,0.0
E1A9G1T18,442,6.0,0.0
E1A9G1T19,456,6.0,0.0
E1A9G1T2,391,6.0,0.0
E1A9G1T20,451,6.0,0.0
E1A9G1T21,460,6.0,0.0
E1A9G1T22,449,6.0,0.0
E1A9G1T23,457,6.0,0.0
E1A9G1T24,452,6.0,0.0
E1A9G1T25,423,6.0,0.0
E1A9G1T26,453,6.0,0.0
E1A9G1T27,433,6.0,0.0
E1A9G1T28,421,6.0,0.0
E1A9G1T29,426,6.0,0.0
E1A9G1T3,427,6.0,0.0
E1A9G1T30,456,6.0,0.0
E1A9G1T31,473,6.0,0.0
E1A9G1T32,392,6.0,0.0
E1A9G1T33,434,6.0,0.0
E1A9G1T34,418,6.0,0.0
E1A9G1T35,408,6.0,0.0
E1A9G1T36,437,6.0,0.0
E1A9G1T37,420,6.0,0.0
E1A9G1T38,440,6.0,0.0
E1A9G1T39,462,6.0,0.0
E1A9G1T4,469,6.0,0.0
E1A9G1T40,479,6.0,0.0
E1A9G1T5,440,6.0,0.0
E1A9G1T6,390,6.0,0.0
E1A9G1T7,428,6.0,0.0
E1A9G1T8,429,6.0,0.0
E1A9G1T9,463,6.0,0.0
E1A9G4T1,449,6.0,0.0
E1A9G4T10,412,6.0,0.0
E1A9G4T11,450,6.0,0.0
E1A9G4T12,433,6.0,0.0
E1A9G4T13,440,6.0,0.0
E1A9G4T14,459,6.0,0.0
E1A9G4T15,469,6.0,0.0
E1A9G4T16,462,6.0,0.0
E1A9G4T17,438,6.0,0.0
E1A9G4T18,412,6.0,0.0
E1A9G4T19,442,6.0,0.0
E1A9G4T2,441,6.0,0.0
E1A9G4T20,432,6.0,0.0
E1A9G4T21,442,6.0,0.0
E1A9G4T22,432,6.0,0.0
E1A9G4T23,434,6.0,0.0
E1A9G4T24,428,6.0,0.0
E1A9G4T25,440,6.0,0.0
E1A9G4T26,434,6.0,0.0
E1A9G4T27,434,6.0,0.0
E1A9G4T28,436,6.0,0.0
E1A9G4T29,403,6.0,0.0
E1A9G4T3,425,6.0,0.0
E1A9G4T30,430,6.0,0.0
E1A9G4T31,405,6.0,0.0
E1A9G4T32,401,6.0,0.0
E1A9G4T33,432,6.0,0.0
E1A9G4T34,456,6.0,0.0
E1A9G4T35,465,6.0,0.0
E1A9G4T36,442,6.0,0.0
E1A9G4T37,447,6.0,0.0
E1A9G4T38,402,6.0,0.0
E1A9G4T39,432,6.0,0.0
E1A9G4T4,435,6.0,0.0
E1A9G4T40,438,6.0,0.0
E1A9G4T5,460,6.0,0.0
E1A9G4T6,465,6.0,0.0
E1A9G4T7,448,6.0,0.0
E1A9G4T8,447,6.0,0.0
E1A9G4T9,446,6.0,0.0
E1A9G6T1,444,6.0,0.0
E1A9G6T10,465,6.0,0.0
E1A9G6T11,433,6.0,0.0
E1A9G6T12,423,6.0,0.0
E1A9G6T13,417,6.0,0.0
E1A9G6T14,425,6.0,0.0
E1A9G6T15,445,6.0,0.0
E1A9G6T16,455,6.0,0.0
E1A9G6T17,452,6.0,0.0
E1A9G6T18,427,6.0,0.0
E1A9G6T19,425,6.0,0.0
E1A9G6T2,468,6.0,0.0
E1A9G6T20,409,6.0,0.0
E1A9G6T21,409,6.0,0.0
E1A9G6T22,460,6.0,0.0
E1A9G6T23,428,6.0,0.0
E1A9G6T24,432,6.0,0.0
E1A9G6T25,448,6.0,0.0
E1A9G6T26,446,6.0,0.0
E1A9G6T27,417,6.0,0.0
E1A9G6T28,442,6.0,0.0
E1A9G6T29,462,6.0,0.0
E1A9G6T3,447,6.0,0.0
E1A9G6T30,432,6.0,0.0
E1A9G6T31,427,6.0,0.0
E1A9G6T32,474,6.0,0.0
E1A9G6T33,449,6.0,0.0
E1A9G6T34,445,6.0,0.0
E1A9G6T35,456,6.0,0.0
E1A9G6T36,435,6.0,0.0
E1A9G6T37,417,6.0,0.0
E1A9G6T38,468,6.0,0.0
E1A9G6T39,426,6.0,0.0
E1A9G6T4,427,6.0,0.0
E1A9G6T40,445,6.0,0.0
E1A9G6T5,457,6.0,0.0
E1A9G6T6,411,6.0,0.0
E1A9G6T7,460,6.0,0.0
E1A9G6T8,441,6.0,0.0
E1A9G6T9,426,6.0,0.0
E1A9G9T1,423,6.0,0.0
E1A9G9T10,443,6.0,0.0
E1A9G9T11,435,6.0,0.0
E1A9G9T12,427,6.0,0.0
E1A9G9T13,385,6.0,0.0
E1A9G9T14,463,6.0,0.0
E1A9G9T15,436,6.0,0.0
E1A9G9T16,419,6.0,0.0
E1A9G9T17,444,6.0,0.0
E1A9G9T18,437,6.0,0.0
E1A9G9T19,458,6.0,0.0
E1A9G9T2,453,6.0,0.0
E1A9G9T20,432,6.0,0.0
E1A9G9T21,411,6.0,0.0
E1A9G9T22,442,6.0,0.0
E1A9G9T23,423,6.0,0.0
E1A9G9T24,406,6.0,0.0
E1A9G9T25,459,6.0,0.0
E1A9G9T26,419,6.0,0.0
E1A9G9T27,459,6.0,0.0
E1A9G9T28,479,6.0,0.0
E1A9G9T29,371,6.0,0.0
E1A9G9T3,427,6.0,0.0
E1A9G9T30,458,6.0,0.0
E1A9G9T31,421,6.0,0.0
E1A9G9T32,421,6.0,0.0
E1A9G9T33,428,6.0,0.0
E1A9G9T34,428,6.0,0.0
E1A9G9T35,409,6.0,0.0
E1A9G9T36,414,6.0,0.0
E1A9G9T37,426,6.0,0.0
E1A9G9T38,447,6.0,0.0
E1A9G9T39,395,6.0,0.0
E1A9G9T4,389,6.0,0.0
E1A9G9T40,435,6.0,0.0
E1A9G9T5,422,6.0,0.0
E1A9G9T6,481,6.0,0.0
E1A9G9T7,423,6.0,0.0
E1A9G9T8,405,6.0,0.0
E1A9G9T9,414,6.0,0.0
E4A1G1T1,2904,7.0,0.0
E4A1G1T10,2858,7.0,0.0
E4A1G1T11,2868,6.0,0.0
E4A1G1T12,2920,7.0,0.0
E4A1G1T13,2680,7.0,0.0
E4A1G1T14,2762,7.0,0.0
E4A1G1T15,2839,7.0,0.0
E4A1G1T16,2809,7.0,0.0
E4A1G1T17,2489,7.0,0.0
E4A1G1T18,2681,6.0,0.0
E4A1G1T19,2697,7.0,0.0
E4A1G1T2,2467,7.0,0.0
E4A1G1T20,2900,7.0,0.0
E4A1G1T21,2819,6.0,0.0
E4A1G1T22,2857,6.0,0.0
E4A1G1T23,2793,6.0,0.0
E4A1G1T24,2833,7.0,0.0
E4A1G1T25,2946,6.0,0.0
E4A1G1T26,2879,6.0,0.0
E4A1G1T27,2801,7.0,0.0
E4A1G1T28,2769,6.0,0.0
E4A1G1T29,2670,7.0,0.0
E4A1G1T3,2795,7.0,0.0
E4A1G1T30,2761,7.0,0.0
E4A1G1T31,2928,7.0,0.0
E4A1G1T32,2791,7.0,0.0
E4A1G1T33,2832,6.0,0.0
E4A1G1T34,2901,7.0,0.0
E4A1G1T35,2627,7.0,0.0
E4A1G1T36,2880,6.0,0.0
E4A1G1T37,2865,6.0,0.0
E4A1G1T38,2840,7.0,0.0
E4A1G1T39,2831,6.0,0.0
E4A1G1T4,2848,6.0,0.0
E4A1G1T40,2899,7.0,0.0
E4A1G1T5,2503,7.0,0.0
E4A1G1T6,2693,7.0,0.0
E4A1G1T7,2934,6.0,0.0
E4A1G1T8,2701,7.0,0.0
E4A1G1T9,2850,6.0,0.0
E4A1G4T1,2564,7.0,0.0
E4A1G4T10,2930,6.0,0.0
E4A1G4T11,2802,6.0,0.0
E4A1G4T12,2689,7.0,0.0
E4A1G4T13,2893,7.0,0.0
E4A1G4T14,2810,7.0,0.0
E4A1G4T15,2608,7.0,0.0
E4A1G4T16,2606,7.0,0.0
E4A1G4T17,2857,7.0,0.0
E4A1G4T18,2883,6.0,0.0
E4A1G4T19,2944,6.0,0.0
E4A1G4T2,2836,6.0,0.0
E4A1G4T20,2889,7.0,0.0
E4A1G4T21,2625,7.0,0.0
E4A1G4T22,2758,6.0,0.0
E4A1G4T23,2838,7.0,0.0
E4A1G4T24,2856,6.0,0.0
E4A1G4T25,2868,6.0,0.0
E4A1G4T26,2957,6.0,0.0
E4A1G4T27,2690,7.0,0.0
E4A1G4T28,2868,7.0,0.0
E4A1G4T29,2990,7.0,0.0
E4A1G4T3,2798,6.0,0.0
E4A1G4T30,2876,6.0,0.0
E4A1G4T31,2847,6.0,0.0
E4A1G4T32,2789,7.0,0.0
E4A1G4T33,2884,7.0,0.0
E4A1G4T34,2743,6.0,0.0
E4A1G4T35,2893,7.0,0.0
E4A1G4T36,2684,7.0,0.0
E4A1G4T37,2899,6.0,0.0
E4A1G4T38,2903,6.0,0.0
E4A1G4T39,2879,7.0,0.0
E4A1G4T4,2782,6.0,0.0
E4A1G4T40,2738,6.0,0.0
E4A1G4T5,2848,7.0,0.0
E4A1G4T6,2749,6.0,0.0
E4A1G4T7,2692,6.0,0.0
E4A1G4T8,2645,7.0,0.0
E4A1G4T9,2824,7.0,0.0
E4A1G6T1,2855,7.0,0.0
E4A1G6T10,2790,7.0,0.0
E4A1G6T11,2877,7.0,0.0
E4A1G6T12,2685,7.0,0.0
E4A1G6T13,2781,6.0,0.0
E4A1G6T14,2425,7.0,0.0
E4A1G6T15,2724,7.0,0.0
E4A1G6T16,2578,7.0,0.0
E4A1G6T17,2775,6.0,0.0
E4A1G6T18,2819,6.0,0.0
E4A1G6T19,2734,7.0,0.0
E4A1G6T2,2767,7.0,0.0
E4A1G6T20,2524,7.0,0.0
E4A1G6T21,2779,7.0,0.0
E4A1G6T22,2881,6.0,0.0
E4A1G6T23,2833,6.0,0.0
E4A1G6T24,2707,7.0,0.0
E4A1G6T25,2686,7.0,0.0
E4A1G6T26,2587,7.0,0.0
E4A1G6T27,2905,6.0,0.0
E4A1G6T28,2426,7.0,0.0
E4A1G6T29,2803,6.0,0.0
E4A1G6T3,2812,6.0,0.0
E4A1G6T30,2734,7.0,0.0
E4A1G6T31,2785,6.0,0.0
E4A1G6T32,2671,7.0,0.0
E4A1G6T33,2733,7.0,0.0
E4A1G6T34,2741,6.0,0.0
E4A1G6T35,2913,6.0,0.0
E4A1G6T36,2691,7.0,0.0
E4A1G6T37,2853,6.0,0.0
E4A1G6T38,2830,7.0,0.0
E4A1G6T39,2738,6.0,0.0
E4A1G6T4,2836,6.0,0.0
E4A1G6T40,2886,7.0,0.0
E4A1G6T5,2858,7.0,0.0
E4A1G6T6,2934,6.0,0.0
E4A1G6T7,2696,7.0,0.0
E4A1G6T8,2830,6.0,0.0
E4A1G6T9,2825,7.0,0.0
E4A1G9T1,2933,7.0,0.0
E4A1G9T10,2850,6.0,0.0
E4A1G9T11,2695,7.0,0.0
E4A1G9T12,2802,6.0,0.0
E4A1G9T13,2749,7.0,0.0
E4A1G9T14,2760,6.0,0.0
E4A1G9T15,2738,6.5,0.0
E4A1G9T16,2845,6.0,0.0
E4A1G9T17,2907,6.0,0.0
E4A1G9T18,2789,6.0,0.0
E4A1G9T19,2792,6.0,0.0
E4A1G9T2,2813,7.0,0.0
E4A1G9T20,2723,7.0,0.0
E4A1G9T21,2780,7.0,0.0
E4A1G9T22,2979,6.0,0.0
E4A1G9T23,2700,7.0,0.0
E4A1G9T24,2873,7.0,0.0
E4A1G9T25,2890,7.0,0.0
E4A1G9T26,2874,6.5,0.0
E4A1G9T27,2667,7.0,0.0
E4A1G9T28,2601,7.0,0.0
E4A1G9T29,2752,7.0,0.0
E4A1G9T3,2834,7.0,0.0
E4A1G9T30,2669,7.0,0.0
E4A1G9T31,2915,7.0,0.0
E4A1G9T32,2630,7.0,0.0
E4A1G9T33,2786,7.0,0.0
E4A1G9T34,2800,6.0,0.0
E4A1G9T35,2779,7.0,0.0
E4A1G9T36,2845,7.0,0.0
E4A1G9T37,2697,7.0,0.0
E4A1G9T38,2763,7.0,0.0
E4A1G9T39,2703,7.0,0.0
E4A1G9T4,2826,7.0,0.0
E4A1G9T40,2817,6.0,0.0
E4A1G9T5,2821,6.0,0.0
E4A1G9T6,2806,7.0,0.0
E4A1G9T7,2733,7.0,0.0
E4A1G9T8,2797,6.0,0.0
E4A1G9T9,2779,7.0,0.0
E4A4G1T1,2813,6.0,0.0
E4A4G1T10,2888,6.0,0.0
E4A4G1T11,2873,6.0,0.0
E4A4G1T12,2470,7.0,0.0
E4A4G1T13,2858,6.0,0.0
E4A4G1T14,2834,6.0,0.0
E4A4G1T15,2640,7.0,0.0
E4A4G1T16,2829,6.0,0.0
E4A4G1T17,2776,7.0,0.0
E4A4G1T18,2839,6.0,0.0
E4A4G1T19,2854,7.0,0.0
E4A4G1T2,2511,7.0,0.0
E4A4G1T20,2757,7.0,0.0
E4A4G1T21,2903,6.0,0.0
E4A4G1T22,2874,7.0,0.0
E4A4G1T23,2905,6.0,0.0
E4A4G1T24,2618,7.0,0.0
E4A4G1T25,2665,7.0,0.0
E4A4G1T26,2947,7.0,0.0
E4A4G1T27,2836,7.0,0.0
E4A4G1T28,2805,6.0,0.0
E4A4G1T29,2738,7.0,0.0
E4A4G1T3,2644,7.0,0.0
E4A4G1T30,2800,6.0,0.0
E4A4G1T31,2539,7.0,0.0
E4A4G1T32,2783,7.0,0.0
E4A4G1T33,2887,6.0,0.0
E4A4G1T34,2696,7.0,0.0
E4A4G1T35,2425,7.0,0.0
E4A4G1T36,3012,6.0,0.0
E4A4G1T37,2664,7.0,0.0
E4A4G1T38,2730,7.0,0.0
E4A4G1T39,2865,6.0,0.0
E4A4G1T4,2691,7.0,0.0
E4A4G1T40,2719,7.0,0.0
E4A4G1T5,2738,7.0,0.0
E4A4G1T6,2811,6.0,0.0
E4A4G1T7,2894,6.0,0.0
E4A4G1T8,2904,7.0,0.0
E4A4G1T9,2772,6.0,0.0
E4A4G4T1,2831,7.0,0.0
E4A4G4T10,2774,7.0,0.0
E4A4G4T11,2993,6.0,0.0
E4A4G4T12,2638,7.0,0.0
E4A4G4T13,2766,7.0,0.0
E4A4G4T14,2472,7.0,0.0
E4A4G4T15,2894,6.0,0.0
E4A4G4T16,2791,6.0,0.0
E4A4G4T17,2780,6.0,0.0
E4A4G4T18,2765,7.0,0.0
E4A4G4T19,2910,6.0,0.0
E4A4G4T2,2939,7.0,0.0
E4A4G4T20,2912,7.0,0.0
E4A4G4T21,2785,7.0,0.0
E4A4G4T22,2723,7.0,0.0
E4A4G4T23,2886,6.0,0.0
E4A4G4T24,2827,6.0,0.0
E4A4G4T25,2728,7.0,0.0
E4A4G4T26,2870,6.0,0.0
E4A4G4T27,2364,7.0,0.0
E4A4G4T28,2810,6.0,0.0
E4A4G4T29,2835,6.0,0.0
E4A4G4T3,2669,7.0,0.0
E4A4G4T30,2647,7.0,0.0
E4A4G4T31,2916,6.0,0.0
E4A4G4T32,2634,7.0,0.0
E4A4G4T33,2560,7.0,0.0
E4A4G4T34,2920,7.0,0.0
E4A4G4T35,2780,6.0,0.0
E4A4G4T36,2801,6.0,0.0
E4A4G4T37,2806,6.0,0.0
E4A4G4T38,2795,7.0,0.0
E4A4G4T39,2840,7.0,0.0
E4A4G4T4,2873,7.0,0.0
E4A4G4T40,2882,7.0,0.0
E4A4G4T5,2845,7.0,0.0
E4A4G4T6,2740,7.0,0.0
E4A4G4T7,2932,6.0,0.0
E4A4G4T8,2674,7.0,0.0
E4A4G4T9,2757,7.0,0.0
E4A4G6T1,2903,7.0,0.0
E4A4G6T10,2744,7.0,0.0
E4A4G6T11,2716,7.0,0.0
E4A4G6T12,2726,7.0,0.0
E4A4G6T13,2918,6.0,0.0
E4A4G6T14,2763,7.0,0.0
E4A4G6T15,2861,7.0,0.0
E4A4G6T16,2780,6.0,0.0
E4A4G6T17,2867,6.0,0.0
E4A4G6T18,2786,7.0,0.0
E4A4G6T19,2601,7.0,0.0
E4A4G6T2,2583,7.0,0.0
E4A4G6T20,2756,7.0,0.0
E4A4G6T21,2895,6.0,0.0
E4A4G6T22,2868,6.0,0.0
E4A4G6T23,2786,7.0,0.0
E4A4G6T24,2866,6.0,0.0
E4A4G6T25,2596,7.0,0.0
E4A4G6T26,2863,6.0,0.0
E4A4G6T27,2621,7.0,0.0
E4A4G6T28,2956,6.0,0.0
E4A4G6T29,2655,7.0,0.0
E4A4G6T3,2765,7.0,0.0
E4A4G6T30,2885,6.0,0.0
E4A4G6T31,2792,7.0,0.0
E4A4G6T32,2824,6.0,0.0
E4A4G6T33,2907,6.0,0.0
E4A4G6T34,2902,6.0,0.0
E4A4G6T35,2826,7.0,0.0
E4A4G6T36,2723,6.0,0.0
E4A4G6T37,2753,7.0,0.0
E4A4G6T38,2821,6.0,0.0
E4A4G6T39,2929,6.0,0.0
E4A4G6T4,2713,7.0,0.0
E4A4G6T40,2843,7.0,0.0
E4A4G6T5,2900,7.0,0.0
E4A4G6T6,2915,7.0,0.0
E4A4G6T7,2890,6.0,0.0
E4A4G6T8,2901,6.0,0.0
E4A4G6T9,2872,6.0,0.0
E4A4G9T1,2591,7.0,0.0
E4A4G9T10,2720,7.0,0.0
E4A4G9T11,2846,6.0,0.0
E4A4G9T12,2641,7.0,0.0
E4A4G9T13,2894,7.0,0.0
E4A4G9T14,2851,7.0,0.0
E4A4G9T15,2910,7.0,0.0
E4A4G9T16,2870,7.0,0.0
E4A4G9T17,2865,7.0,0.0
E4A4G9T18,2798,7.0,0.0
E4A4G9T19,2671,7.0,0.0
E4A4G9T2,2875,6.0,0.0
E4A4G9T20,2799,6.0,0.0
E4A4G9T21,2425,7.0,0.0
E4A4G9T22,2809,6.0,0.0
E4A4G9T23,2755,7.0,0.0
E4A4G9T24,2787,6.0,0.0
E4A4G9T25,2865,6.0,0.0
E4A4G9T26,2861,7.0,0.0
E4A4G9T27,2953,6.0,0.0
E4A4G9T28,2836,6.0,0.0
E4A4G9T29,2573,7.0,0.0
E4A4G9T3,2931,6.0,0.0
E4A4G9T30,2618,7.0,0.0
E4A4G9T31,2871,6.0,0.0
E4A4G9T32,2674,7.0,0.0
E4A4G9T33,2882,7.0,0.0
E4A4G9T34,2905,6.0,0.0
E4A4G9T35,2738,7.0,0.0
E4A4G9T36,2831,6.0,0.0
E4A4G9T37,2859,7.0,0.0
E4A4G9T38,2669,7.0,0.0
E4A4G9T39,2435,7.0,0.0
E4A4G9T4,2637,7.0,0.0
E4A4G9T40,2719,7.0,0.0
E4A4G9T5,2824,6.0,0.0
E4A4G9T6,2912,6.0,0.0
E4A4G9T7,2710,6.5,0.0
E4A4G9T8,2927,6.0,0.0
E4A4G9T9,3012,6.0,0.0
E4A6G1T1,2837,6.0,0.0
E4A6G1T10,2960,6.0,0.0
E4A6G1T11,2713,6.0,0.0
E4A6G1T12,2924,6.0,0.0
E4A6G1T13,2838,7.0,0.0
E4A6G1T14,2853,6.0,0.0
E4A6G1T15,2701,7.0,0.0
E4A6G1T16,2793,6.0,0.0
E4A6G1T17,2455,7.0,0.0
E4A6G1T18,2742,6.5,0.0
E4A6G1T19,2829,7.0,0.0
E4A6G1T2,2587,7.0,0.0
E4A6G1T20,2899,6.0,0.0
E4A6G1T21,2767,7.0,0.0
E4A6G1T22,2748,7.0,0.0
E4A6G1T23,2934,7.0,0.0
E4A6G1T24,2764,7.0,0.0
E4A6G1T25,2715,7.0,0.0
E4A6G1T26,2924,6.0,0.0
E4A6G1T27,2811,6.0,0.0
E4A6G1T28,2917,6.0,0.0
E4A6G1T29,2901,7.0,0.0
E4A6G1T3,2711,7.0,0.0
E4A6G1T30,2805,7.0,0.0
E4A6G1T31,2959,6.0,0.0
E4A6G1T32,2819,7.0,0.0
E4A6G1T33,2816,7.0,0.0
E4A6G1T34,2856,6.0,0.0
E4A6G1T35,2834,7.0,0.0
E4A6G1T36,2395,7.0,0.0
E4A6G1T37,2744,6.0,0.0
E4A6G1T38,2780,7.0,0.0
E4A6G1T39,2650,7.0,0.0
E4A6G1T4,3002,7.0,0.0
E4A6G1T40,2810,6.0,0.0
E4A6G1T5,2811,6.0,0.0
E4A6G1T6,2886,6.0,0.0
E4A6G1T7,2725,7.0,0.0
E4A6G1T8,2938,6.0,0.0
E4A6G1T9,2744,7.0,0.0
E4A6G4T1,2763,7.0,0.0
E4A6G4T10,2855,7.0,0.0
E4A6G4T11,2778,7.0,0.0
E4A6G4T12,2858,6.0,0.0
E4A6G4T13,2847,6.0,0.0
E4A6G4T14,2957,6.0,0.0
E4A6G4T15,2698,6.0,0.0
E4A6G4T16,2803,7.0,0.0
E4A6G4T17,2841,7.0,0.0
E4A6G4T18,2830,7.0,0.0
E4A6G4T19,2840,6.0,0.0
E4A6G4T2,2927,6.0,0.0
E4A6G4T20,2163,7.0,0.0
E4A6G4T21,2581,7.0,0.0
E4A6G4T22,2807,6.0,0.0
E4A6G4T23,2947,7.0,0.0
E4A6G4T24,2833,6.0,0.0
E4A6G4T25,2760,6.0,0.0
E4A6G4T26,2723,7.0,0.0
E4A6G4T27,2794,6.0,0.0
E4A6G4T28,2897,7.0,0.0
E4A6G4T29,2846,6.0,0.0
E4A6G4T3,2779,6.0,0.0
E4A6G4T30,2879,6.0,0.0
E4A6G4T31,2813,7.0,0.0
E4A6G4T32,2585,7.0,0.0
E4A6G4T33,2297,7.0,0.0
E4A6G4T34,2665,7.0,0.0
E4A6G4T35,2880,7.0,0.0
E4A6G4T36,2787,7.0,0.0
E4A6G4T37,2613,7.0,0.0
E4A6G4T38,2837,7.0,0.0
E4A6G4T39,2884,6.0,0.0
E4A6G4T4,2833,7.0,0.0
E4A6G4T40,2946,7.0,0.0
E4A6G4T5,2545,7.0,0.0
E4A6G4T6,2840,6.0,0.0
E4A6G4T7,2691,7.0,0.0
E4A6G4T8,2758,7.0,0.0
E4A6G4T9,2844,7.0,0.0
E4A6G6T1,2507,7.0,0.0
E4A6G6T10,2787,6.0,0.0
E4A6G6T11,2669,7.0,0.0
E4A6G6T12,2527,7.0,0.0
E4A6G6T13,2850,6.0,0.0
E4A6G6T14,2911,6.0,0.0
E4A6G6T15,2800,7.0,0.0
E4A6G6T16,2834,6.0,0.0
E4A6G6T17,2887,7.0,0.0
E4A6G6T18,2714,7.0,0.0
E4A6G6T19,2717,7.0,0.0
E4A6G6T2,2812,6.0,0.0
E4A6G6T20,2682,7.0,0.0
E4A6G6T21,2833,7.0,0.0
E4A6G6T22,2933,6.0,0.0
E4A6G6T23,2978,7.0,0.0
E4A6G6T24,2917,6.0,0.0
E4A6G6T25,2738,7.0,0.0
E4A6G6T26,2725,6.0,0.0
E4A6G6T27,2890,6.0,0.0
E4A6G6T28,2751,7.0,0.0
E4A6G6T29,2899,7.0,0.0
E4A6G6T3,2599,7.0,0.0
E4A6G6T30,2592,7.0,0.0
E4A6G6T31,2776,7.0,0.0
E4A6G6T32,2587,7.0,0.0
E4A6G6T33,2893,7.0,0.0
E4A6G6T34,2753,7.0,0.0
E4A6G6T35,2860,7.0,0.0
E4A6G6T36,2679,7.0,0.0
E4A6G6T37,2903,7.0,0.0
E4A6G6T38,2822,6.0,0.0
E4A6G6T39,2843,6.0,0.0
E4A6G6T4,2801,7.0,0.0
E4A6G6T40,2912,6.0,0.0
E4A6G6T5,2915,6.0,0.0
E4A6G6T6,2847,7.0,0.0
E4A6G6T7,2791,7.0,0.0
E4A6G6T8,2649,7.0,0.0
E4A6G6T9,2860,7.0,0.0
E4A6G9T1,2856,7.0,0.0
E4A6G9T10,2694,7.0,0.0
E4A6G9T11,2663,6.0,0.0
E4A6G9T12,2779,6.0,0.0
E4A6G9T13,2617,7.0,0.0
E4A6G9T14,2871,6.0,0.0
E4A6G9T15,2782,7.0,0.0
E4A6G9T16,2814,6.0,0.0
E4A6G9T17,2832,7.0,0.0
E4A6G9T18,2939,6.0,0.0
E4A6G9T19,2785,7.0,0.0
E4A6G9T2,2940,6.0,0.0
E4A6G9T20,2752,6.0,0.0
E4A6G9T21,2930,7.0,0.0
E4A6G9T22,2921,6.0,0.0
E4A6G9T23,2891,7.0,0.0
E4A6G9T24,2776,7.0,0.0
E4A6G9T25,2872,7.0,0.0
E4A6G9T26,2574,7.0,0.0
E4A6G9T27,2986,6.0,0.0
E4A6G9T28,2966,6.0,0.0
E4A6G9T29,2844,7.0,0.0
E4A6G9T3,2824,7.0,0.0
E4A6G9T30,2826,6.0,0.0
E4A6G9T31,2784,7.0,0.0
E4A6G9T32,2769,7.0,0.0
E4A6G9T33,2741,7.0,0.0
E4A6G9T34,2682,6.0,0.0
E4A6G9T35,2792,6.0,0.0
E4A6G9T36,2724,7.0,0.0
E4A6G9T37,2879,6.0,0.0
E4A6G9T38,2651,7.0,0.0
E4A6G9T39,2829,7.0,0.0
E4A6G9T4,2850,7.0,0.0
E4A6G9T40,2700,7.0,0.0
E4A6G9T5,2793,6.0,0.0
E4A6G9T6,2912,6.0,0.0
E4A6G9T7,2626,7.0,0.0
E4A6G9T8,2706,7.0,0.0
E4A6G9T9,2963,7.0,0.0
E4A9G1T1,2822,7.0,0.0
E4A9G1T10,2822,7.0,0.0
E4A9G1T11,2878,7.0,0.0
E4A9G1T12,2763,7.0,0.0
E4A9G1T13,2734,7.0,0.0
E4A9G1T14,2761,6.0,0.0
E4A9G1T15,2726,7.0,0.0
E4A9G1T16,2914,7.0,0.0
E4A9G1T17,2931,6.0,0.0
E4A9G1T18,2817,6.0,0.0
E4A9G1T19,2856,6.0,0.0
E4A9G1T2,2566,7.0,0.0
E4A9G1T20,2762,6.0,0.0
E4A9G1T21,2514,7.0,0.0
E4A9G1T22,2832,7.0,0.0
E4A9G1T23,2851,7.0,0.0
E4A9G1T24,2894,7.0,0.0
E4A9G1T25,2866,6.0,0.0
E4A9G1T26,2856,7.0,0.0
E4A9G1T27,2780,7.0,0.0
E4A9G1T28,2869,6.0,0.0
E4A9G1T29,2925,6.0,0.0
E4A9G1T3,2858,6.0,0.0
E4A9G1T30,2874,6.0,0.0
E4A9G1T31,2755,6.0,0.0
E4A9G1T32,2721,7.0,0.0
E4A9G1T33,2947,7.0,0.0
E4A9G1T34,2900,6.0,0.0
E4A9G1T35,2856,7.0,0.0
E4A9G1T36,2873,6.0,0.0
E4A9G1T37,2831,6.0,0.0
E4A9G1T38,2918,7.0,0.0
E4A9G1T39,2791,6.0,0.0
E4A9G1T4,2929,7.0,0.0
E4A9G1T40,2706,7.0,0.0
E4A9G1T5,2923,6.0,0.0
E4A9G1T6,2895,6.0,0.0
E4A9G1T7,2810,6.0,0.0
E4A9G1T8,2786,7.0,0.0
E4A9G1T9,2736,7.0,0.0
E4A9G4T1,2607,7.0,0.0
E4A9G4T10,2790,6.0,0.0
E4A9G4T11,2065,7.0,0.0
E4A9G4T12,2689,7.0,0.0
E4A9G4T13,2636,7.0,0.0
E4A9G4T14,2862,7.0,0.0
E4A9G4T15,2809,6.0,0.0
E4A9G4T16,2540,7.0,0.0
E4A9G4T17,2885,7.0,0.0
E4A9G4T18,2339,7.0,0.0
E4A9G4T19,2779,7.0,0.0
E4A9G4T2,2752,7.0,0.0
E4A9G4T20,2571,7.0,0.0
E4A9G4T21,2909,6.0,0.0
E4A9G4T22,2766,7.0,0.0
E4A9G4T23,2764,7.0,0.0
E4A9G4T24,2834,7.0,0.0
E4A9G4T25,2789,6.0,0.0
E4A9G4T26,2779,6.0,0.0
E4A9G4T27,2901,6.0,0.0
E4A9G4T28,2393,7.0,0.0
E4A9G4T29,2872,6.0,0.0
E4A9G4T3,2731,7.0,0.0
E4A9G4T30,2885,6.0,0.0
E4A9G4T31,2886,6.0,0.0
E4A9G4T32,2853,6.0,0.0
E4A9G4T33,2866,7.0,0.0
E4A9G4T34,2904,6.0,0.0
E4A9G4T35,2947,7.0,0.0
E4A9G4T36,2907,6.0,0.0
E4A9G4T37,2872,7.0,0.0
E4A9G4T38,2867,7.0,0.0
E4A9G4T39,2811,7.0,0.0
E4A9G4T4,2697,7.0,0.0
E4A9G4T40,2878,6.0,0.0
E4A9G4T5,2770,7.0,0.0
E4A9G4T6,2854,6.0,0.0
E4A9G4T7,2729,7.0,0.0
E4A9G4T8,2916,6.0,0.0
E4A9G4T9,2840,6.0,0.0
E4A9G6T1,2890,6.0,0.0
E4A9G6T10,2931,7.0,0.0
E4A9G6T11,2111,7.0,0.0
E4A9G6T12,2965,6.0,0.0
E4A9G6T13,2779,6.0,0.0
E4A9G6T14,2812,7.0,0.0
E4A9G6T15,2898,6.0,0.0
E4A9G6T16,2529,7.0,0.0
E4A9G6T17,2664,7.0,0.0
E4A9G6T18,2692,7.0,0.0
E4A9G6T19,2451,7.0,0.0
E4A9G6T2,2802,7.0,0.0
E4A9G6T20,2918,7.0,0.0
E4A9G6T21,2831,6.0,0.0
E4A9G6T22,2549,7.0,0.0
E4A9G6T23,2836,7.0,0.0
E4A9G6T24,2887,6.0,0.0
E4A9G6T25,2618,7.0,0.0
E4A9G6T26,2609,7.0,0.0
E4A9G6T27,2854,7.0,0.0
E4A9G6T28,2724,7.0,0.0
E4A9G6T29,2875,6.0,0.0
E4A9G6T3,2789,7.0,0.0
E4A9G6T30,2960,7.0,0.0
E4A9G6T31,2860,6.0,0.0
E4A9G6T32,2409,7.0,0.0
E4A9G6T33,2760,7.0,0.0
E4A9G6T34,2756,7.0,0.0
E4A9G6T35,2859,7.0,0.0
E4A9G6T36,2828,6.0,0.0
E4A9G6T37,2812,7.0,0.0
E4A9G6T38,2895,6.0,0.0
E4A9G6T39,2893,6.0,0.0
E4A9G6T4,2846,6.0,0.0
E4A9G6T40,2847,7.0,0.0
E4A9G6T5,2784,6.0,0.0
E4A9G6T6,2664,7.0,0.0
E4A9G6T7,2871,6.0,0.0
E4A9G6T8,2827,6.0,0.0
E4A9G6T9,2858,7.0,0.0
E4A9G9T1,2881,6.0,0.0
E4A9G9T10,2728,7.0,0.0
E4A9G9T11,2724,7.0,0.0
E4A9G9T12,2792,7.0,0.0
E4A9G9T13,2993,6.0,0.0
E4A9G9T14,2922,6.0,0.0
E4A9G9T15,2895,6.0,0.0
E4A9G9T16,2825,7.0,0.0
E4A9G9T17,2741,6.5,0.0
E4A9G9T18,2758,7.0,0.0
E4A9G9T19,2788,7.0,0.0
E4A9G9T2,2788,6.0,0.0
E4A9G9T20,2822,6.0,0.0
E4A9G9T21,2825,7.0,0.0
E4A9G9T22,2857,7.0,0.0
E4A9G9T23,2945,6.0,0.0
E4A9G9T24,2885,7.0,0.0
E4A9G9T25,2799,6.0,0.0
E4A9G9T26,2872,6.0,0.0
E4A9G9T27,2882,6.0,0.0
E4A9G9T28,2713,7.0,0.0
E4A9G9T29,2829,7.0,0.0
E4A9G9T3,2446,7.0,0.0
E4A9G9T30,2775,6.0,0.0
E4A9G9T31,2812,6.0,0.0
E4A9G9T32,2890,6.0,0.0
E4A9G9T33,2974,6.0,0.0
E4A9G9T34,2861,6.0,0.0
E4A9G9T35,2653,7.0,0.0
E4A9G9T36,2793,7.0,0.0
E4A9G9T37,2879,6.0,0.0
E4A9G9T38,2580,7.0,0.0
E4A9G9T39,2844,7.0,0.0
E4A9G9T4,3000,7.0,0.0
E4A9G9T40,2584,7.0,0.0
E4A9G9T5,2874,7.0,0.0
E4A9G9T6,2851,6.0,0.0
E4A9G9T7,2906,6.0,0.0
E4A9G9T8,2832,7.0,0.0
E4A9G9T9,2724,7.0,0.0
E6A1G1T1,4371,7.0,0.0
E6A1G1T10,3525,8.0,0.0
E6A1G1T11,3690,8.0,0.0
E6A1G1T12,4815,7.0,0.0
E6A1G1T13,4219,7.0,0.0
E6A1G1T14,5162,6.0,0.0
E6A1G1T15,4854,7.0,0.0
E6A1G1T16,4932,7.0,0.0
E6A1G1T17,4455,7.0,0.0
E6A1G1T18,4780,7.0,0.0
E6A1G1T19,4317,7.0,0.0
E6A1G1T2,5071,7.0,0.0
E6A1G1T20,3478,8.0,0.0
E6A1G1T21,3875,7.0,0.0
E6A1G1T22,5063,7.0,0.0
E6A1G1T23,5171,7.0,0.0
E6A1G1T24,4669,7.0,0.0
E6A1G1T25,4770,7.0,0.0
E6A1G1T26,4795,7.0,0.0
E6A1G1T27,5264,7.0,0.0
E6A1G1T28,5151,7.0,0.0
E6A1G1T29,4221,7.0,0.0
E6A1G1T3,5218,7.0,0.0
E6A1G1T30,5036,7.0,0.0
E6A1G1T31,5182,7.0,0.0
E6A1G1T32,5229,7.0,0.0
E6A1G1T33,5197,7.0,0.0
E6A1G1T34,3682,8.0,0.0
E6A1G1T35,2825,8.0,0.0
E6A1G1T36,4627,7.0,0.0
E6A1G1T37,3683,8.0,0.0
E6A1G1T38,3320,8.0,0.0
E6A1G1T39,4546,7.0,0.0
E6A1G1T4,4881,7.0,0.0
E6A1G1T40,4979,7.0,0.0
E6A1G1T5,4643,7.0,0.0
E6A1G1T6,4542,7.0,0.0
E6A1G1T7,5043,7.0,0.0
E6A1G1T8,5234,6.0,0.0
E6A1G1T9,5169,7.0,0.0
E6A1G4T1,4252,7.0,0.0
E6A1G4T10,4383,7.0,0.0
E6A1G4T11,5038,7.0,0.0
E6A1G4T12,4571,7.0,0.0
E6A1G4T13,4468,7.0,0.0
E6A1G4T14,4697,7.0,0.0
E6A1G4T15,4710,7.0,0.0
E6A1G4T16,4537,7.0,0.0
E6A1G4T17,4566,7.0,0.0
E6A1G4T18,4378,7.0,0.0
E6A1G4T19,3308,8.0,0.0
E6A1G4T2,4983,7.0,0.0
E6A1G4T20,4429,7.0,0.0
E6A1G4T21,4253,7.0,0.0
E6A1G4T22,4963,7.0,0.0
E6A1G4T23,5080,6.0,0.0
E6A1G4T24,1549,12.0,0.0
E6A1G4T25,4916,7.0,0.0
E6A1G4T26,4906,7.0,0.0
E6A1G4T27,4731,7.0,0.0
E6A1G4T28,5185,7.0,0.0
E6A1G4T29,4840,7.0,0.0
E6A1G4T3,2846,9.0,0.0
E6A1G4T30,4385,7.0,0.0
E6A1G4T31,4196,7.0,0.0
E6A1G4T32,2365,10.0,0.0
E6A1G4T33,5061,7.0,0.0
E6A1G4T34,4113,7.0,0.0
E6A1G4T35,4232,7.0,0.0
E6A1G4T36,4669,7.0,0.0
E6A1G4T37,3690,8.0,0.0
E6A1G4T38,4646,7.0,0.0
E6A1G4T39,3761,8.0,0.0
E6A1G4T4,5082,7.0,0.0
E6A1G4T40,5060,7.0,0.0
E6A1G4T5,4952,7.0,0.0
E6A1G4T6,4496,7.0,0.0
E6A1G4T7,5118,7.0,0.0
E6A1G4T8,4943,7.0,0.0
E6A1G4T9,4885,7.0,0.0
E6A1G6T1,4891,7.0,0.0
E6A1G6T10,5040,7.0,0.0
E6A1G6T11,5122,7.0,0.0
E6A1G6T12,5265,7.0,0.0
E6A1G6T13,4846,7.0,0.0
E6A1G6T14,4892,7.0,0.0
E6A1G6T15,3956,7.0,0.0
E6A1G6T16,5298,7.0,0.0
E6A1G6T17,3382,8.0,0.0
E6A1G6T18,4095,7.0,0.0
E6A1G6T19,5295,6.0,0.0
E6A1G6T2,4672,7.0,0.0
E6A1G6T20,4529,7.0,0.0
E6A1G6T21,4906,7.0,0.0
E6A1G6T22,4216,7.0,0.0
E6A1G6T23,4574,7.0,0.0
E6A1G6T24,5278,7.0,0.0
E6A1G6T25,4650,7.0,0.0
E6A1G6T26,3881,8.0,0.0
E6A1G6T27,4998,7.0,0.0
E6A1G6T28,5302,7.0,0.0
E6A1G6T29,4345,7.0,0.0
E6A1G6T3,4757,7.0,0.0
E6A1G6T30,5141,7.0,0.0
E6A1G6T31,4893,7.0,0.0
E6A1G6T32,4744,7.0,0.0
E6A1G6T33,4215,7.0,0.0
E6A1G6T34,3254,8.0,0.0
E6A1G6T35,4538,7.0,0.0
E6A1G6T36,5240,7.0,0.0
E6A1G6T37,3704,8.0,0.0
E6A1G6T38,4108,7.0,0.0
E6A1G6T39,3338,8.0,0.0
E6A1G6T4,3873,7.0,0.0
E6A1G6T40,4612,7.0,0.0
E6A1G6T5,5086,7.0,0.0
E6A1G6T6,4502,7.0,0.0
E6A1G6T7,5224,7.0,0.0
E6A1G6T8,5129,7.0,0.0
E6A1G6T9,3167,8.0,0.0
E6A1G9T1,4960,7.0,0.0
E6A1G9T10,3960,8.0,0.0
E6A1G9T11,4548,7.0,0.0
E6A1G9T12,5341,7.0,0.0
E6A1G9T13,5047,7.0,0.0
E6A1G9T14,5033,7.0,0.0
E6A1G9T15,3634,8.0,0.0
E6A1G9T16,3348,8.0,0.0
E6A1G9T17,4982,7.0,0.0
E6A1G9T18,3957,8.0,0.0
E6A1G9T19,2570,9.0,0.0
E6A1G9T2,4917,7.0,0.0
E6A1G9T20,5076,7.0,0.0
E6A1G9T21,3496,8.0,0.0
E6A1G9T22,5097,6.0,0.0
E6A1G9T23,4255,7.0,0.0
E6A1G9T24,4727,7.0,0.0
E6A1G9T25,5154,7.0,0.0
E6A1G9T26,4522,7.0,0.0
E6A1G9T27,3126,8.0,0.0
E6A1G9T28,3962,7.0,0.0
E6A1G9T29,4782,7.0,0.0
E6A1G9T3,5219,7.0,0.0
E6A1G9T30,4205,7.0,0.0
E6A1G9T31,3638,8.0,0.0
E6A1G9T32,3592,8.0,0.0
E6A1G9T33,5175,7.0,0.0
E6A1G9T34,2994,8.0,0.0
E6A1G9T35,2773,9.0,0.0
E6A1G9T36,4236,7.0,0.0
E6A1G9T37,4992,7.0,0.0
E6A1G9T38,5104,7.0,0.0
E6A1G9T39,4467,7.0,0.0
E6A1G9T4,5253,7.0,0.0
E6A1G9T40,2255,10.0,0.0
E6A1G9T5,5185,7.0,0.0
E6A1G9T6,4735,7.0,0.0
E6A1G9T7,3208,8.0,0.0
E6A1G9T8,3543,8.0,0.0
E6A1G9T9,5191,7.0,0.0
E6A4G1T1,4705,7.0,0.0
E6A4G1T10,4253,7.0,0.0
E6A4G1T11,4543,7.0,0.0
E6A4G1T12,4998,7.0,0.0
E6A4G1T13,5053,7.0,0.0
E6A4G1T14,4929,7.0,0.0
E6A4G1T15,3416,8.0,0.0
E6A4G1T16,3986,8.0,0.0
E6A4G1T17,4687,7.0,0.0
E6A4G1T18,4715,7.0,0.0
E6A4G1T19,4722,7.0,0.0
E6A4G1T2,4430,7.0,0.0
E6A4G1T20,4756,7.0,0.0
E6A4G1T21,3083,8.0,0.0
E6A4G1T22,1520,12.0,0.0
E6A4G1T23,4726,7.0,0.0
E6A4G1T24,4208,7.0,0.0
E6A4G1T25,4830,7.0,0.0
E6A4G1T26,4929,7.0,0.0
E6A4G1T27,5114,7.0,0.0
E6A4G1T28,3996,7.0,0.0
E6A4G1T29,5334,7.0,0.0
E6A4G1T3,5318,7.0,0.0
E6A4G1T30,4764,7.0,0.0
E6A4G1T31,5158,7.0,0.0
E6A4G1T32,4708,7.0,0.0
E6A4G1T33,3391,8.0,0.0
E6A4G1T34,5150,7.0,0.0
E6A4G1T35,4917,7.0,0.0
E6A4G1T36,4806,7.0,0.0
E6A4G1T37,4654,7.0,0.0
E6A4G1T38,4193,7.0,0.0
E6A4G1T39,5219,7.0,0.0
E6A4G1T4,4720,7.0,0.0
E6A4G1T40,5182,7.0,0.0
E6A4G1T5,4404,7.0,0.0
E6A4G1T6,4712,7.0,0.0
E6A4G1T7,4451,7.0,0.0
E6A4G1T8,4255,7.0,0.0
E6A4G1T9,5099,7.0,0.0
E6A4G4T1,4606,7.0,0.0
E6A4G4T10,4855,7.0,0.0
E6A4G4T11,5042,7.0,0.0
E6A4G4T12,5036,7.0,0.0
E6A4G4T13,4382,7.0,0.0
E6A4G4T14,4735,7.0,0.0
E6A4G4T15,3460,8.0,0.0
E6A4G4T16,5318,6.0,0.0
E6A4G4T17,3758,8.0,0.0
E6A4G4T18,4554,7.0,0.0
E6A4G4T19,4858,7.0,0.0
E6A4G4T2,4920,7.0,0.0
E6A4G4T20,4093,7.0,0.0
E6A4G4T21,4471,7.0,0.0
E6A4G4T22,4176,7.0,0.0
E6A4G4T23,5083,7.0,0.0
E6A4G4T24,4293,7.0,0.0
E6A4G4T25,4757,7.0,0.0
E6A4G4T26,3530,8.0,0.0
E6A4G4T27,3110,8.0,0.0
E6A4G4T28,4994,7.0,0.0
E6A4G4T29,5023,7.0,0.0
E6A4G4T3,3776,8.0,0.0
E6A4G4T30,4098,7.0,0.0
E6A4G4T31,5358,7.0,0.0
E6A4G4T32,4831,7.0,0.0
E6A4G4T33,3978,7.0,0.0
E6A4G4T34,3334,8.0,0.0
E6A4G4T35,5130,7.0,0.0
E6A4G4T36,5268,7.0,0.0
E6A4G4T37,4713,7.0,0.0
E6A4G4T38,4536,7.0,0.0
E6A4G4T39,5137,7.0,0.0
E6A4G4T4,3946,8.0,0.0
E6A4G4T40,4005,7.0,0.0
E6A4G4T5,2937,8.0,0.0
E6A4G4T6,4824,7.0,0.0
E6A4G4T7,5320,7.0,0.0
E6A4G4T8,4027,8.0,0.0
E6A4G4T9,4563,7.0,0.0
E6A4G6T1,5071,6.0,0.0
E6A4G6T10,4669,7.0,0.0
E6A4G6T11,5171,7.0,0.0
E6A4G6T12,4636,7.0,0.0
E6A4G6T13,2636,9.0,0.0
E6A4G6T14,4530,7.0,0.0
E6A4G6T15,4780,7.0,0.0
E6A4G6T16,5165,7.0,0.0
E6A4G6T17,5168,7.0,0.0
E6A4G6T18,4599,7.0,0.0
E6A4G6T19,4518,7.0,0.0
E6A4G6T2,5228,7.0,0.0
E6A4G6T20,4338,7.0,0.0
E6A4G6T21,3864,8.0,0.0
E6A4G6T22,4702,7.0,0.0
E6A4G6T23,4056,7.0,0.0
E6A4G6T24,4861,7.0,0.0
E6A4G6T25,4093,7.0,0.0
E6A4G6T26,4857,7.0,0.0
E6A4G6T27,5143,7.0,0.0
E6A4G6T28,4963,7.0,0.0
E6A4G6T29,5103,7.0,0.0
E6A4G6T3,4702,7.0,0.0
E6A4G6T30,4849,7.0,0.0
E6A4G6T31,2595,9.0,0.0
E6A4G6T32,4915,7.0,0.0
E6A4G6T33,5156,6.0,0.0
E6A4G6T34,5021,7.0,0.0
E6A4G6T35,262,17.0,0.0
E6A4G6T36,4590,7.0,0.0
E6A4G6T37,4214,7.0,0.0
E6A4G6T38,4676,7.0,0.0
E6A4G6T39,4927,7.0,0.0
E6A4G6T4,4777,7.0,0.0
E6A4G6T40,4430,7.0,0.0
E6A4G6T5,4262,7.0,0.0
E6A4G6T6,3003,8.0,0.0
E6A4G6T7,4172,7.0,0.0
E6A4G6T8,5247,7.0,0.0
E6A4G6T9,3463,8.0,0.0
E6A4G9T1,5244,7.0,0.0
E6A4G9T10,4956,7.0,0.0
E6A4G9T11,4945,7.0,0.0
E6A4G9T12,3799,8.0,0.0
E6A4G9T13,4953,7.0,0.0
E6A4G9T14,3879,8.0,0.0
E6A4G9T15,3525,8.0,0.0
E6A4G9T16,2925,8.0,0.0
E6A4G9T17,4878,7.0,0.0
E6A4G9T18,5187,7.0,0.0
E6A4G9T19,5172,7.0,0.0
E6A4G9T2,4560,7.0,0.0
E6A4G9T20,4550,7.0,0.0
E6A4G9T21,3763,8.0,0.0
E6A4G9T22,5007,7.0,0.0
E6A4G9T23,4746,7.0,0.0
E6A4G9T24,3933,8.0,0.0
E6A4G9T25,4083,7.0,0.0
E6A4G9T26,4934,7.0,0.0
E6A4G9T27,4616,7.0,0.0
E6A4G9T28,3933,8.0,0.0
E6A4G9T29,4553,7.0,0.0
E6A4G9T3,3986,7.0,0.0
E6A4G9T30,4548,7.0,0.0
E6A4G9T31,4272,7.0,0.0
E6A4G9T32,4586,7.0,0.0
E6A4G9T33,5235,7.0,0.0
E6A4G9T34,4065,7.0,0.0
E6A4G9T35,4853,7.0,0.0
E6A4G9T36,4256,7.0,0.0
E6A4G9T37,2310,10.0,0.0
E6A4G9T38,4901,7.0,0.0
E6A4G9T39,4780,7.0,0.0
E6A4G9T4,4147,7.0,0.0
E6A4G9T40,3616,8.0,0.0
E6A4G9T5,5356,7.0,0.0
E6A4G9T6,2569,9.0,0.0
E6A4G9T7,4971,7.0,0.0
E6A4G9T8,4942,7.0,0.0
E6A4G9T9,4650,7.0,0.0
E6A6G1T1,4974,7.0,0.0
E6A6G1T10,2141,10.0,0.0
E6A6G1T11,4538,7.0,0.0
E6A6G1T12,2926,8.0,0.0
E6A6G1T13,4176,7.0,0.0
E6A6G1T14,3903,7.0,0.0
E6A6G1T15,4956,7.0,0.0
E6A6G1T16,5217,7.0,0.0
E6A6G1T17,4816,7.0,0.0
E6A6G1T18,5124,7.0,0.0
E6A6G1T19,4756,7.0,0.0
E6A6G1T2,2991,8.0,0.0
E6A6G1T20,4582,7.0,0.0
E6A6G1T21,5162,7.0,0.0
E6A6G1T22,5197,7.0,0.0
E6A6G1T23,4993,7.0,0.0
E6A6G1T24,5276,7.0,0.0
E6A6G1T25,4731,7.0,0.0
E6A6G1T26,4822,7.0,0.0
E6A6G1T27,4436,7.0,0.0
E6A6G1T28,4622,7.0,0.0
E6A6G1T29,4975,7.0,0.0
E6A6G1T3,4722,7.0,0.0
E6A6G1T30,3622,8.0,0.0
E6A6G1T31,4594,7.0,0.0
E6A6G1T32,4009,7.0,0.0
E6A6G1T33,5067,7.0,0.0
E6A6G1T34,3322,8.0,0.0
E6A6G1T35,4479,7.0,0.0
E6A6G1T36,3197,8.0,0.0
E6A6G1T37,4893,7.0,0.0
E6A6G1T38,4814,7.0,0.0
E6A6G1T39,4638,7.0,0.0
E6A6G1T4,2640,9.0,0.0
E6A6G1T40,4508,7.0,0.0
E6A6G1T5,5208,7.0,0.0
E6A6G1T6,5012,7.0,0.0
E6A6G1T7,5013,7.0,0.0
E6A6G1T8,4333,7.0,0.0
E6A6G1T9,5316,7.0,0.0
E6A6G4T1,5076,7.0,0.0
E6A6G4T10,3411,8.0,0.0
E6A6G4T11,4999,7.0,0.0
E6A6G4T12,3614,8.0,0.0
E6A6G4T13,3055,8.0,0.0
E6A6G4T14,3729,8.0,0.0
E6A6G4T15,4602,7.0,0.0
E6A6G4T16,5409,7.0,0.0
E6A6G4T17,5054,7.0,0.0
E6A6G4T18,3948,7.0,0.0
E6A6G4T19,4964,7.0,0.0
E6A6G4T2,4107,7.0,0.0
E6A6G4T20,5244,7.0,0.0
E6A6G4T21,3780,8.0,0.0
E6A6G4T22,5151,6.0,0.0
E6A6G4T23,4151,7.0,0.0
E6A6G4T24,5352,7.0,0.0
E6A6G4T25,4512,7.0,0.0
E6A6G4T26,5043,7.0,0.0
E6A6G4T27,5109,7.0,0.0
E6A6G4T28,4942,7.0,0.0
E6A6G4T29,2772,9.0,0.0
E6A6G4T3,4797,7.0,0.0
E6A6G4T30,5082,7.0,0.0
E6A6G4T31,4990,7.0,0.0
E6A6G4T32,4564,7.0,0.0
E6A6G4T33,4156,7.0,0.0
E6A6G4T34,4612,7.0,0.0
E6A6G4T35,5246,7.0,0.0
E6A6G4T36,4347,7.0,0.0
E6A6G4T37,4330,7.0,0.0
E6A6G4T38,5084,7.0,0.0
E6A6G4T39,5170,7.0,0.0
E6A6G4T4,5183,7.0,0.0
E6A6G4T40,5076,7.0,0.0
E6A6G4T5,4756,7.0,0.0
E6A6G4T6,4746,7.0,0.0
E6A6G4T7,4869,7.0,0.0
E6A6G4T8,4647,7.0,0.0
E6A6G4T9,4176,7.0,0.0
E6A6G6T1,5146,7.0,0.0
E6A6G6T10,3423,8.0,0.0
E6A6G6T11,4793,7.0,0.0
E6A6G6T12,3811,8.0,0.0
E6A6G6T13,3135,8.0,0.0
E6A6G6T14,3848,8.0,0.0
E6A6G6T15,5226,6.0,0.0
E6A6G6T16,5193,7.0,0.0
E6A6G6T17,4290,7.0,0.0
E6A6G6T18,4921,7.0,0.0
E6A6G6T19,4833,7.0,0.0
E6A6G6T2,1526,12.0,0.0
E6A6G6T20,1957,11.0,0.0
E6A6G6T21,4630,7.0,0.0
E6A6G6T22,5186,7.0,0.0
E6A6G6T23,4499,7.0,0.0
E6A6G6T24,4282,7.0,0.0
E6A6G6T25,4965,7.0,0.0
E6A6G6T26,5045,7.0,0.0
E6A6G6T27,5036,7.0,0.0
E6A6G6T28,4903,7.0,0.0
E6A6G6T29,4983,7.0,0.0
E6A6G6T3,4218,7.0,0.0
E6A6G6T30,3405,8.0,0.0
E6A6G6T31,5061,7.0,0.0
E6A6G6T32,4824,7.0,0.0
E6A6G6T33,4812,7.0,0.0
E6A6G6T34,4225,7.0,0.0
E6A6G6T35,5340,7.0,0.0
E6A6G6T36,4588,7.0,0.0
E6A6G6T37,4626,7.0,0.0
E6A6G6T38,4449,7.0,0.0
E6A6G6T39,4862,7.0,0.0
E6A6G6T4,2552,9.0,0.0
E6A6G6T40,5231,7.0,0.0
E6A6G6T5,4085,7.0,0.0
E6A6G6T6,3843,8.0,0.0
E6A6G6T7,4190,7.0,0.0
E6A6G6T8,4083,7.0,0.0
E6A6G6T9,4256,7.0,0.0
E6A6G9T1,5113,7.0,0.0
E6A6G9T10,4804,7.0,0.0
E6A6G9T11,5124,7.0,0.0
E6A6G9T12,5229,7.0,0.0
E6A6G9T13,4386,7.0,0.0
E6A6G9T14,4844,7.0,0.0
E6A6G9T15,5051,7.0,0.0
E6A6G9T16,5010,7.0,0.0
E6A6G9T17,4857,7.0,0.0
E6A6G9T18,4621,7.0,0.0
E6A6G9T19,2134,10.0,0.0
E6A6G9T2,4750,7.0,0.0
E6A6G9T20,4786,7.0,0.0
E6A6G9T21,4814,7.0,0.0
E6A6G9T22,4020,7.0,0.0
E6A6G9T23,5025,7.0,0.0
E6A6G9T24,4944,7.0,0.0
E6A6G9T25,4724,7.0,0.0
E6A6G9T26,3789,8.0,0.0
E6A6G9T27,4381,7.0,0.0
E6A6G9T28,4765,7.0,0.0
E6A6G9T29,4580,7.0,0.0
E6A6G9T3,5239,7.0,0.0
E6A6G9T30,5256,7.0,0.0
E6A6G9T31,5251,7.0,0.0
E6A6G9T32,4916,7.0,0.0
E6A6G9T33,5015,7.0,0.0
E6A6G9T34,5255,6.0,0.0
E6A6G9T35,4820,7.0,0.0
E6A6G9T36,4987,7.0,0.0
E6A6G9T37,4342,7.0,0.0
E6A6G9T38,3942,7.0,0.0
E6A6G9T39,5133,7.0,0.0
E6A6G9T4,4268,7.0,0.0
E6A6G9T40,5247,6.0,0.0
E6A6G9T5,5201,7.0,0.0
E6A6G9T6,5225,7.0,0.0
E6A6G9T7,4846,7.0,0.0
E6A6G9T8,5007,7.0,0.0
E6A6G9T9,3147,8.0,0.0
E6A9G1T1,4309,7.0,0.0
E6A9G1T10,3981,7.0,0.0
E6A9G1T11,5297,7.0,0.0
E6A9G1T12,4989,7.0,0.0
E6A9G1T13,4739,7.0,0.0
E6A9G1T14,5098,7.0,0.0
E6A9G1T15,5114,7.0,0.0
E6A9G1T16,4749,7.0,0.0
E6A9G1T17,5006,7.0,0.0
E6A9G1T18,3755,8.0,0.0
E6A9G1T19,4877,7.0,0.0
E6A9G1T2,4497,7.0,0.0
E6A9G1T20,5313,7.0,0.0
E6A9G1T21,3550,8.0,0.0
E6A9G1T22,5145,7.0,0.0
E6A9G1T23,4911,7.0,0.0
E6A9G1T24,4571,7.0,0.0
E6A9G1T25,4811,7.0,0.0
E6A9G1T26,4485,7.0,0.0
E6A9G1T27,4774,7.0,0.0
E6A9G1T28,4657,7.0,0.0
E6A9G1T29,5235,7.0,0.0
E6A9G1T3,5351,7.0,0.0
E6A9G1T30,4835,7.0,0.0
E6A9G1T31,5270,6.0,0.0
E6A9G1T32,3126,8.0,0.0
E6A9G1T33,4721,7.0,0.0
E6A9G1T34,5109,7.0,0.0
E6A9G1T35,5097,7.0,0.0
E6A9G1T36,4930,7.0,0.0
E6A9G1T37,3393,8.0,0.0
E6A9G1T38,5013,7.0,0.0
E6A9G1T39,4932,7.0,0.0
E6A9G1T4,5124,7.0,0.0
E6A9G1T40,2863,9.0,0.0
E6A9G1T5,3839,8.0,0.0
E6A9G1T6,1536,12.0,0.0
E6A9G1T7,4759,7.0,0.0
E6A9G1T8,5030,7.0,0.0
E6A9G1T9,5113,7.0,0.0
E6A9G4T1,3408,8.0,0.0
E6A9G4T10,4740,7.0,0.0
E6A9G4T11,3775,7.0,0.0
E6A9G4T12,4617,7.0,0.0
E6A9G4T13,4530,7.0,0.0
E6A9G4T14,4933,7.0,0.0
E6A9G4T15,3750,8.0,0.0
E6A9G4T16,3787,8.0,0.0
E6A9G4T17,4790,7.0,0.0
E6A9G4T18,4657,7.0,0.0
E6A9G4T19,4755,7.0,0.0
E6A9G4T2,5046,7.0,0.0
E6A9G4T20,3249,8.0,0.0
E6A9G4T21,4780,7.0,0.0
E6A9G4T22,4729,7.0,0.0
E6A9G4T23,4244,7.0,0.0
E6A9G4T24,3878,8.0,0.0
E6A9G4T25,5165,7.0,0.0
E6A9G4T26,5196,7.0,0.0
E6A9G4T27,4148,7.0,0.0
E6A9G4T28,3352,8.0,0.0
E6A9G4T29,4375,7.0,0.0
E6A9G4T3,5021,7.0,0.0
E6A9G4T30,4778,7.0,0.0
E6A9G4T31,5295,7.0,0.0
E6A9G4T32,2721,9.0,0.0
E6A9G4T33,3934,7.0,0.0
E6A9G4T34,5185,7.0,0.0
E6A9G4T35,4770,7.0,0.0
E6A9G4T36,4015,8.0,0.0
E6A9G4T37,4379,7.0,0.0
E6A9G4T38,5181,7.0,0.0
E6A9G4T39,4399,7.0,0.0
E6A9G4T4,3667,8.0,0.0
E6A9G4T40,4857,7.0,0.0
E6A9G4T5,5337,7.0,0.0
E6A9G4T6,5328,7.0,0.0
E6A9G4T7,5045,7.0,0.0
E6A9G4T8,5277,7.0,0.0
E6A9G4T9,3802,8.0,0.0
E6A9G6T1,4701,7.0,0.0
E6A9G6T10,3595,8.0,0.0
E6A9G6T11,1446,12.0,0.0
E6A9G6T12,4645,7.0,0.0
E6A9G6T13,4856,7.0,0.0
E6A9G6T14,4986,7.0,0.0
E6A9G6T15,4738,7.0,0.0
E6A9G6T16,4235,7.0,0.0
E6A9G6T17,4742,7.0,0.0
E6A9G6T18,4784,7.0,0.0
E6A9G6T19,5085,7.0,0.0
E6A9G6T2,5011,7.0,0.0
E6A9G6T20,4897,7.0,0.0
E6A9G6T21,5134,7.0,0.0
E6A9G6T22,2804,9.0,0.0
E6A9G6T23,5055,7.0,0.0
E6A9G6T24,5205,7.0,0.0
E6A9G6T25,4977,7.0,0.0
E6A9G6T26,2931,9.0,0.0
E6A9G6T27,5195,7.0,0.0
E6A9G6T28,4981,7.0,0.0
E6A9G6T29,5125,7.0,0.0
E6A9G6T3,5149,7.0,0.0
E6A9G6T30,4853,7.0,0.0
E6A9G6T31,4812,7.0,0.0
E6A9G6T32,4709,7.0,0.0
E6A9G6T33,5093,7.0,0.0
E6A9G6T34,4113,7.0,0.0
E6A9G6T35,4972,7.0,0.0
E6A9G6T36,4856,7.0,0.0
E6A9G6T37,4742,7.0,0.0
E6A9G6T38,4598,7.0,0.0
E6A9G6T39,5025,7.0,0.0
E6A9G6T4,3622,8.0,0.0
E6A9G6T40,3334,8.0,0.0
E6A9G6T5,4937,7.0,0.0
E6A9G6T6,4619,7.0,0.0
E6A9G6T7,4756,7.0,0.0
E6A9G6T8,4645,7.0,0.0
E6A9G6T9,4885,7.0,0.0
E6A9G9T1,2854,9.0,0.0
E6A9G9T10,4857,7.0,0.0
E6A9G9T11,3923,7.0,0.0
E6A9G9T12,4512,7.0,0.0
E6A9G9T13,4386,7.0,0.0
E6A9G9T14,4955,7.0,0.0
E6A9G9T15,4382,7.0,0.0
E6A9G9T16,4017,7.0,0.0
E6A9G9T17,5002,7.0,0.0
E6A9G9T18,5234,7.0,0.0
E6A9G9T19,4981,7.0,0.0
E6A9G9T2,4801,7.0,0.0
E6A9G9T20,5180,7.0,0.0
E6A9G9T21,3584,8.0,0.0
E6A9G9T22,3964,7.0,0.0
E6A9G9T23,5042,6.0,0.0
E6A9G9T24,5130,6.0,0.0
E6A9G9T25,4735,7.0,0.0
E6A9G9T26,3722,8.0,0.0
E6A9G9T27,3534,8.0,0.0
E6A9G9T28,4657,7.0,0.0
E6A9G9T29,5268,7.0,0.0
E6A9G9T3,5103,7.0,0.0
E6A9G9T30,4709,7.0,0.0
E6A9G9T31,3211,8.0,0.0
E6A9G9T32,3664,8.0,0.0
E6A9G9T33,3809,7.0,0.0
E6A9G9T34,3930,7.0,0.0
E6A9G9T35,5368,7.0,0.0
E6A9G9T36,4332,7.0,0.0
E6A9G9T37,5176,7.0,0.0
E6A9G9T38,4291,7.0,0.0
E6A9G9T39,4855,7.0,0.0
E6A9G9T4,5219,7.0,0.0
E6A9G9T40,5110,7.0,0.0
E6A9G9T5,4871,7.0,0.0
E6A9G9T6,4247,7.0,0.0
E6A9G9T7,4196,7.0,0.0
E6A9G9T8,4177,7.0,0.0
E6A9G9T9,4965,7.0,0.0
E9A1G1T1,0,80.0,0.0
E9A1G1T10,0,79.0,0.0
E9A1G1T11,0,80.0,0.0
E9A1G1T12,0,80.0,0.0
E9A1G1T13,0,79.0,0.0
E9A1G1T14,0,79.0,0.0
E9A1G1T15,0,79.0,0.0
E9A1G1T16,0,82.0,0.0
E9A1G1T17,0,77.0,0.0
E9A1G1T18,0,80.0,0.0
E9A1G1T19,0,80.0,0.0
E9A1G1T2,0,81.0,0.0
E9A1G1T20,0,80.0,0.0
E9A1G1T21,0,80.0,0.0
E9A1G1T22,0,79.0,0.0
E9A1G1T23,0,80.0,0.0
E9A1G1T24,512,75.0,0.0
E9A1G1T25,5619,7.0,0.0
E9A1G1T26,0,80.0,0.0
E9A1G1T27,0,81.0,0.0
E9A1G1T28,0,80.0,0.0
E9A1G1T29,0,80.0,0.0
E9A1G1T3,0,80.0,0.0
E9A1G1T30,0,80.0,0.0
E9A1G1T31,0,79.0,0.0
E9A1G1T32,0,80.0,0.0
E9A1G1T33,0,81.0,0.0
E9A1G1T34,0,80.0,0.0
E9A1G1T35,0,78.0,0.0
E9A1G1T36,3161,40.0,0.0
E9A1G1T37,0,81.0,0.0
E9A1G1T38,0,80.0,0.0
E9A1G1T39,0,81.0,0.0
E9A1G1T4,0,79.0,0.0
E9A1G1T40,0,80.0,0.0
E9A1G1T5,0,80.0,0.0
E9A1G1T6,0,80.0,0.0
E9A1G1T7,0,81.0,0.0
E9A1G1T8,0,79.0,0.0
E9A1G1T9,0,81.0,0.0
E9A1G4T1,0,80.0,0.0
E9A1G4T10,0,79.0,0.0
E9A1G4T11,0,79.0,0.0
E9A1G4T12,0,80.0,0.0
E9A1G4T13,0,81.0,0.0
E9A1G4T14,0,80.0,0.0
E9A1G4T15,0,81.0,0.0
E9A1G4T16,0,79.0,0.0
E9A1G4T17,1,79.0,0.0
E9A1G4T18,1,80.0,0.0
E9A1G4T19,0,79.0,0.0
E9A1G4T2,0,79.0,0.0
E9A1G4T20,0,81.0,0.0
E9A1G4T21,0,81.0,0.0
E9A1G4T22,0,81.0,0.0
E9A1G4T23,0,80.0,0.0
E9A1G4T24,0,79.0,0.0
E9A1G4T25,0,81.0,0.0
E9A1G4T26,0,80.0,0.0
E9A1G4T27,0,80.0,0.0
E9A1G4T28,0,80.0,0.0
E9A1G4T29,0,79.0,0.0
E9A1G4T3,1,81.0,0.0
E9A1G4T30,0,79.0,0.0
E9A1G4T31,0,80.0,0.0
E9A1G4T32,0,81.0,0.0
E9A1G4T33,0,79.0,0.0
E9A1G4T34,0,81.0,0.0
E9A1G4T35,1,79.0,0.0
E9A1G4T36,0,79.0,0.0
E9A1G4T37,0,81.0,0.0
E9A1G4T38,0,80.0,0.0
E9A1G4T39,0,81.0,0.0
E9A1G4T4,0,79.0,0.0
E9A1G4T40,0,81.0,0.0
E9A1G4T5,0,80.0,0.0
E9A1G4T6,0,81.0,0.0
E9A1G4T7,0,80.0,0.0
E9A1G4T8,0,79.0,0.0
E9A1G4T9,0,81.0,0.0
E9A1G6T1,0,79.0,0.0
E9A1G6T10,0,80.0,0.0
E9A1G6T11,0,79.0,0.0
E9A1G6T12,0,80.0,0.0
E9A1G6T13,0,80.0,0.0
E9A1G6T14,0,80.0,0.0
E9A1G6T15,0,80.0,0.0
E9A1G6T16,2325,53.0,0.0
E9A1G6T17,0,79.0,0.0
E9A1G6T18,0,80.0,0.0
E9A1G6T19,0,78.0,0.0
E9A1G6T2,0,80.0,0.0
E9A1G6T20,0,81.0,0.0
E9A1G6T21,0,80.0,0.0
E9A1G6T22,0,80.0,0.0
E9A1G6T23,0,79.0,0.0
E9A1G6T24,0,79.0,0.0
E9A1G6T25,0,81.0,0.0
E9A1G6T26,0,81.0,0.0
E9A1G6T27,7495,6.0,0.0
E9A1G6T28,0,78.0,0.0
E9A1G6T29,0,79.0,0.0
E9A1G6T3,469,74.0,0.0
E9A1G6T30,0,81.0,0.0
E9A1G6T31,0,78.0,0.0
E9A1G6T32,0,78.0,0.0
E9A1G6T33,0,78.0,0.0
E9A1G6T34,0,80.0,0.0
E9A1G6T35,0,80.0,0.0
E9A1G6T36,0,81.0,0.0
E9A1G6T37,1,79.0,0.0
E9A1G6T38,0,80.0,0.0
E9A1G6T39,0,81.0,0.0
E9A1G6T4,0,79.0,0.0
E9A1G6T40,0,80.0,0.0
E9A1G6T5,0,81.0,0.0
E9A1G6T6,0,79.0,0.0
E9A1G6T7,0,80.0,0.0
E9A1G6T8,0,80.0,0.0
E9A1G6T9,0,80.0,0.0
E9A1G9T1,0,80.0,0.0
E9A1G9T10,0,80.0,0.0
E9A1G9T11,0,79.0,0.0
E9A1G9T12,0,79.0,0.0
E9A1G9T13,0,81.0,0.0
E9A1G9T14,0,79.0,0.0
E9A1G9T15,1,79.0,0.0
E9A1G9T16,0,79.0,0.0
E9A1G9T17,0,80.0,0.0
E9A1G9T18,5354,7.0,0.0
E9A1G9T19,0,80.0,0.0
E9A1G9T2,0,80.0,0.0
E9A1G9T20,0,80.0,0.0
E9A1G9T21,0,81.0,0.0
E9A1G9T22,0,80.0,0.0
E9A1G9T23,0,78.0,0.0
E9A1G9T24,0,80.0,0.0
E9A1G9T25,0,80.0,0.0
E9A1G9T26,0,79.0,0.0
E9A1G9T27,0,81.0,0.0
E9A1G9T28,0,80.0,0.0
E9A1G9T29,0,79.0,0.0
E9A1G9T3,0,80.0,0.0
E9A1G9T30,0,79.0,0.0
E9A1G9T31,0,79.0,0.0
E9A1G9T32,0,80.0,0.0
E9A1G9T33,0,79.0,0.0
E9A1G9T34,0,80.0,0.0
E9A1G9T35,0,80.0,0.0
E9A1G9T36,0,81.0,0.0
E9A1G9T37,0,79.0,0.0
E9A1G9T38,0,80.0,0.0
E9A1G9T39,0,80.0,0.0
E9A1G9T4,0,80.0,0.0
E9A1G9T40,0,79.0,0.0
E9A1G9T5,0,79.0,0.0
E9A1G9T6,0,79.0,0.0
E9A1G9T7,0,80.0,0.0
E9A1G9T8,0,80.0,0.0
E9A1G9T9,0,79.0,0.0
E9A4G1T1,0,80.0,0.0
E9A4G1T10,0,80.0,0.0
E9A4G1T11,0,80.0,0.0
E9A4G1T12,0,80.0,0.0
E9A4G1T13,0,80.0,0.0
E9A4G1T14,0,81.0,0.0
E9A4G1T15,0,81.0,0.0
E9A4G1T16,0,80.0,0.0
E9A4G1T17,0,80.0,0.0
E9A4G1T18,0,80.0,0.0
E9A4G1T19,0,79.0,0.0
E9A4G1T2,0,80.0,0.0
E9A4G1T20,0,80.0,0.0
E9A4G1T21,0,81.0,0.0
E9A4G1T22,0,80.0,0.0
E9A4G1T23,0,80.0,0.0
E9A4G1T24,0,80.0,0.0
E9A4G1T25,0,79.0,0.0
E9A4G1T26,0,79.0,0.0
E9A4G1T27,0,80.0,0.0
E9A4G1T28,0,79.0,0.0
E9A4G1T29,0,79.0,0.0
E9A4G1T3,0,79.0,0.0
E9A4G1T30,0,80.0,0.0
E9A4G1T31,0,81.0,0.0
E9A4G1T32,0,79.0,0.0
E9A4G1T33,0,81.0,0.0
E9A4G1T34,0,79.0,0.0
E9A4G1T35,0,81.0,0.0
E9A4G1T36,0,81.0,0.0
E9A4G1T37,0,80.0,0.0
E9A4G1T38,0,80.0,0.0
E9A4G1T39,0,80.0,0.0
E9A4G1T4,0,79.0,0.0
E9A4G1T40,0,77.0,0.0
E9A4G1T5,0,80.0,0.0
E9A4G1T6,0,79.0,0.0
E9A4G1T7,0,81.0,0.0
E9A4G1T8,0,80.0,0.0
E9A4G1T9,0,80.0,0.0
E9A4G4T1,0,81.0,0.0
E9A4G4T10,0,80.0,0.0
E9A4G4T11,0,81.0,0.0
E9A4G4T12,0,81.0,0.0
E9A4G4T13,0,80.0,0.0
E9A4G4T14,0,80.0,0.0
E9A4G4T15,0,80.0,0.0
E9A4G4T16,0,78.0,0.0
E9A4G4T17,1,81.0,0.0
E9A4G4T18,0,80.0,0.0
E9A4G4T19,0,80.0,0.0
E9A4G4T2,0,80.0,0.0
E9A4G4T20,0,79.0,0.0
E9A4G4T21,0,79.0,0.0
E9A4G4T22,0,80.0,0.0
E9A4G4T23,0,79.0,0.0
E9A4G4T24,0,79.0,0.0
E9A4G4T25,0,80.0,0.0
E9A4G4T26,535,73.0,0.0
E9A4G4T27,0,80.0,0.0
E9A4G4T28,0,78.0,0.0
E9A4G4T29,0,80.0,0.0
E9A4G4T3,0,80.0,0.0
E9A4G4T30,0,79.0,0.0
E9A4G4T31,0,81.0,0.0
E9A4G4T32,0,80.0,0.0
E9A4G4T33,2637,49.0,0.0
E9A4G4T34,0,82.0,0.0
E9A4G4T35,0,79.0,0.0
E9A4G4T36,0,79.0,0.0
E9A4G4T37,1,80.0,0.0
E9A4G4T38,0,80.0,0.0
E9A4G4T39,0,80.0,0.0
E9A4G4T4,0,81.0,0.0
E9A4G4T40,0,79.0,0.0
E9A4G4T5,0,80.0,0.0
E9A4G4T6,0,81.0,0.0
E9A4G4T7,0,79.0,0.0
E9A4G4T8,0,81.0,0.0
E9A4G4T9,0,80.0,0.0
E9A4G6T1,0,81.0,0.0
E9A4G6T10,0,79.0,0.0
E9A4G6T11,0,80.0,0.0
E9A4G6T12,0,81.0,0.0
E9A4G6T13,0,79.0,0.0
E9A4G6T14,0,80.0,0.0
E9A4G6T15,0,78.5,0.0
E9A4G6T16,0,81.0,0.0
E9A4G6T17,0,81.0,0.0
E9A4G6T18,0,81.0,0.0
E9A4G6T19,0,80.0,0.0
E9A4G6T2,0,80.0,0.0
E9A4G6T20,0,80.0,0.0
E9A4G6T21,0,79.0,0.0
E9A4G6T22,0,81.0,0.0
E9A4G6T23,0,80.0,0.0
E9A4G6T24,0,80.0,0.0
E9A4G6T25,0,80.0,0.0
E9A4G6T26,0,82.0,0.0
E9A4G6T27,0,79.0,0.0
E9A4G6T28,0,80.0,0.0
E9A4G6T29,0,79.0,0.0
E9A4G6T3,0,81.0,0.0
E9A4G6T30,0,79.0,0.0
E9A4G6T31,0,80.0,0.0
E9A4G6T32,0,80.0,0.0
E9A4G6T33,0,79.0,0.0
E9A4G6T34,0,79.0,0.0
E9A4G6T35,0,80.0,0.0
E9A4G6T36,0,79.0,0.0
E9A4G6T37,4128,18.0,0.0
E9A4G6T38,0,79.0,0.0
E9A4G6T39,0,82.0,0.0
E9A4G6T4,0,81.0,0.0
E9A4G6T40,0,80.0,0.0
E9A4G6T5,0,81.0,0.0
E9A4G6T6,7174,6.0,0.0
E9A4G6T7,5071,8.0,0.0
E9A4G6T8,0,80.0,0.0
E9A4G6T9,0,81.0,0.0
E9A4G9T1,0,81.0,0.0
E9A4G9T10,0,81.0,0.0
E9A4G9T11,0,77.0,0.0
E9A4G9T12,0,81.0,0.0
E9A4G9T13,0,80.0,0.0
E9A4G9T14,0,80.0,0.0
E9A4G9T15,0,79.0,0.0
E9A4G9T16,0,80.0,0.0
E9A4G9T17,0,81.0,0.0
E9A4G9T18,0,80.0,0.0
E9A4G9T19,0,80.0,0.0
E9A4G9T2,0,79.0,0.0
E9A4G9T20,0,82.0,0.0
E9A4G9T21,0,81.0,0.0
E9A4G9T22,0,80.0,0.0
E9A4G9T23,0,80.0,0.0
E9A4G9T24,0,79.0,0.0
E9A4G9T25,0,80.0,0.0
E9A4G9T26,0,79.0,0.0
E9A4G9T27,0,79.0,0.0
E9A4G9T28,0,80.0,0.0
E9A4G9T29,0,79.0,0.0
E9A4G9T3,0,79.0,0.0
E9A4G9T30,0,79.0,0.0
E9A4G9T31,0,79.0,0.0
E9A4G9T32,0,80.0,0.0
E9A4G9T33,0,78.5,0.0
E9A4G9T34,0,80.0,0.0
E9A4G9T35,0,80.0,0.0
E9A4G9T36,0,80.0,0.0
E9A4G9T37,0,81.0,0.0
E9A4G9T38,0,79.0,0.0
E9A4G9T39,0,79.0,0.0
E9A4G9T4,0,79.0,0.0
E9A4G9T40,0,79.0,0.0
E9A4G9T5,0,80.0,0.0
E9A4G9T6,0,80.0,0.0
E9A4G9T7,0,80.0,0.0
E9A4G9T8,0,80.0,0.0
E9A4G9T9,0,80.0,0.0
E9A6G1T1,0,80.0,0.0
E9A6G1T10,0,80.0,0.0
E9A6G1T11,0,81.0,0.0
E9A6G1T12,0,79.0,0.0
E9A6G1T13,0,80.0,0.0
E9A6G1T14,0,79.0,0.0
E9A6G1T15,0,79.0,0.0
E9A6G1T16,0,81.0,0.0
E9A6G1T17,0,81.0,0.0
E9A6G1T18,0,80.0,0.0
E9A6G1T19,0,81.0,0.0
E9A6G1T2,0,79.0,0.0
E9A6G1T20,0,81.0,0.0
E9A6G1T21,0,80.0,0.0
E9A6G1T22,0,80.0,0.0
E9A6G1T23,0,81.0,0.0
E9A6G1T24,0,79.0,0.0
E9A6G1T25,0,79.0,0.0
E9A6G1T26,0,78.0,0.0
E9A6G1T27,0,80.0,0.0
E9A6G1T28,0,80.0,0.0
E9A6G1T29,0,80.0,0.0
E9A6G1T3,0,81.0,0.0
E9A6G1T30,0,79.0,0.0
E9A6G1T31,0,80.0,0.0
E9A6G1T32,0,80.0,0.0
E9A6G1T33,0,79.0,0.0
E9A6G1T34,0,80.0,0.0
E9A6G1T35,0,80.0,0.0
E9A6G1T36,0,79.0,0.0
E9A6G1T37,0,81.0,0.0
E9A6G1T38,0,80.0,0.0
E9A6G1T39,0,80.0,0.0
E9A6G1T4,0,80.0,0.0
E9A6G1T40,0,80.0,0.0
E9A6G1T5,0,78.0,0.0
E9A6G1T6,0,80.0,0.0
E9A6G1T7,0,82.0,0.0
E9A6G1T8,0,80.0,0.0
E9A6G1T9,1,80.0,0.0
E9A6G4T1,0,79.0,0.0
E9A6G4T10,0,80.0,0.0
E9A6G4T11,1,78.0,0.0
E9A6G4T12,0,81.0,0.0
E9A6G4T13,0,82.0,0.0
E9A6G4T14,0,81.0,0.0
E9A6G4T15,0,79.0,0.0
E9A6G4T16,0,79.0,0.0
E9A6G4T17,0,80.0,0.0
E9A6G4T18,0,79.0,0.0
E9A6G4T19,0,81.0,0.0
E9A6G4T2,0,80.0,0.0
E9A6G4T20,0,82.0,0.0
E9A6G4T21,0,80.0,0.0
E9A6G4T22,0,79.0,0.0
E9A6G4T23,0,80.0,0.0
E9A6G4T24,0,80.0,0.0
E9A6G4T25,0,80.0,0.0
E9A6G4T26,0,79.0,0.0
E9A6G4T27,0,79.0,0.0
E9A6G4T28,0,81.0,0.0
E9A6G4T29,0,80.0,0.0
E9A6G4T3,0,80.0,0.0
E9A6G4T30,0,79.0,0.0
E9A6G4T31,0,80.0,0.0
E9A6G4T32,0,82.0,0.0
E9A6G4T33,0,80.0,0.0
E9A6G4T34,1679,61.0,0.0
E9A6G4T35,0,81.0,0.0
E9A6G4T36,0,81.0,0.0
E9A6G4T37,0,79.0,0.0
E9A6G4T38,8699,6.0,0.0
E9A6G4T39,0,80.0,0.0
E9A6G4T4,0,81.0,0.0
E9A6G4T40,0,79.0,0.0
E9A6G4T5,0,79.0,0.0
E9A6G4T6,0,81.0,0.0
E9A6G4T7,0,80.0,0.0
E9A6G4T8,0,79.0,0.0
E9A6G4T9,0,80.0,0.0
E9A6G6T1,0,79.0,0.0
E9A6G6T10,0,80.0,0.0
E9A6G6T11,0,79.0,0.0
E9A6G6T12,0,82.0,0.0
E9A6G6T13,0,81.0,0.0
E9A6G6T14,0,81.0,0.0
E9A6G6T15,0,81.0,0.0
E9A6G6T16,0,80.0,0.0
E9A6G6T17,0,79.0,0.0
E9A6G6T18,0,79.0,0.0
E9A6G6T19,1844,59.0,0.0
E9A6G6T2,0,81.0,0.0
E9A6G6T20,0,80.0,0.0
E9A6G6T21,0,80.0,0.0
E9A6G6T22,0,80.0,0.0
E9A6G6T23,0,82.0,0.0
E9A6G6T24,0,80.0,0.0
E9A6G6T25,0,80.0,0.0
E9A6G6T26,0,79.0,0.0
E9A6G6T27,0,82.0,0.0
E9A6G6T28,0,82.0,0.0
E9A6G6T29,1,80.0,0.0
E9A6G6T3,0,78.0,0.0
E9A6G6T30,0,80.0,0.0
E9A6G6T31,0,79.0,0.0
E9A6G6T32,0,80.0,0.0
E9A6G6T33,0,80.0,0.0
E9A6G6T34,0,81.0,0.0
E9A6G6T35,0,81.0,0.0
E9A6G6T36,0,79.0,0.0
E9A6G6T37,0,79.0,0.0
E9A6G6T38,0,81.0,0.0
E9A6G6T39,0,80.0,0.0
E9A6G6T4,0,79.0,0.0
E9A6G6T40,5818,7.0,0.0
E9A6G6T5,0,80.0,0.0
E9A6G6T6,0,80.0,0.0
E9A6G6T7,0,79.0,0.0
E9A6G6T8,0,79.0,0.0
E9A6G6T9,0,80.0,0.0
E9A6G9T1,1136,68.0,0.0
E9A6G9T10,924,70.0,0.0
E9A6G9T11,0,81.0,0.0
E9A6G9T12,0,79.0,0.0
E9A6G9T13,7473,6.0,0.0
E9A6G9T14,0,80.0,0.0
E9A6G9T15,0,78.0,0.0
E9A6G9T16,0,79.0,0.0
E9A6G9T17,0,80.0,0.0
E9A6G9T18,6825,6.0,0.0
E9A6G9T19,0,80.0,0.0
E9A6G9T2,0,80.0,0.0
E9A6G9T20,0,82.0,0.0
E9A6G9T21,0,80.0,0.0
E9A6G9T22,0,80.0,0.0
E9A6G9T23,0,79.0,0.0
E9A6G9T24,0,80.0,0.0
E9A6G9T25,0,80.0,0.0
E9A6G9T26,1,79.0,0.0
E9A6G9T27,0,81.0,0.0
E9A6G9T28,0,81.0,0.0
E9A6G9T29,1,81.0,0.0
E9A6G9T3,0,78.0,0.0
E9A6G9T30,0,79.0,0.0
E9A6G9T31,0,80.0,0.0
E9A6G9T32,0,81.0,0.0
E9A6G9T33,0,81.0,0.0
E9A6G9T34,0,81.0,0.0
E9A6G9T35,0,82.0,0.0
E9A6G9T36,0,80.0,0.0
E9A6G9T37,0,79.0,0.0
E9A6G9T38,0,81.0,0.0
E9A6G9T39,0,80.0,0.0
E9A6G9T4,0,81.0,0.0
E9A6G9T40,0,80.0,0.0
E9A6G9T5,0,80.0,0.0
E9A6G9T6,0,80.0,0.0
E9A6G9T7,0,81.0,0.0
E9A6G9T8,0,79.0,0.0
E9A6G9T9,0,80.0,0.0
E9A9G1T1,0,80.0,0.0
E9A9G1T10,0,79.0,0.0
E9A9G1T11,0,79.0,0.0
E9A9G1T12,0,79.0,0.0
E9A9G1T13,0,81.0,0.0
E9A9G1T14,0,81.0,0.0
E9A9G1T15,0,80.0,0.0
E9A9G1T16,0,81.0,0.0
E9A9G1T17,0,80.0,0.0
E9A9G1T18,0,80.0,0.0
E9A9G1T19,0,80.0,0.0
E9A9G1T2,0,80.0,0.0
E9A9G1T20,0,80.0,0.0
E9A9G1T21,0,80.0,0.0
E9A9G1T22,0,81.0,0.0
E9A9G1T23,0,79.0,0.0
E9A9G1T24,0,80.0,0.0
E9A9G1T25,0,80.0,0.0
E9A9G1T26,0,81.0,0.0
E9A9G1T27,0,80.0,0.0
E9A9G1T28,0,80.0,0.0
E9A9G1T29,0,79.0,0.0
E9A9G1T3,0,81.0,0.0
E9A9G1T30,0,80.0,0.0
E9A9G1T31,0,79.0,0.0
E9A9G1T32,0,80.0,0.0
E9A9G1T33,0,80.0,0.0
E9A9G1T34,0,80.0,0.0
E9A9G1T35,0,81.0,0.0
E9A9G1T36,0,81.0,0.0
E9A9G1T37,0,80.0,0.0
E9A9G1T38,0,81.0,0.0
E9A9G1T39,0,78.0,0.0
E9A9G1T4,0,80.0,0.0
E9A9G1T40,0,79.0,0.0
E9A9G1T5,1,80.0,0.0
E9A9G1T6,0,80.0,0.0
E9A9G1T7,0,81.0,0.0
E9A9G1T8,0,80.0,0.0
E9A9G1T9,0,80.0,0.0
E9A9G4T1,1,80.0,0.0
E9A9G4T10,4693,8.0,0.0
E9A9G4T11,0,80.0,0.0
E9A9G4T12,0,79.0,0.0
E9A9G4T13,0,80.0,0.0
E9A9G4T14,0,81.0,0.0
E9A9G4T15,0,80.0,0.0
E9A9G4T16,0,80.0,0.0
E9A9G4T17,0,78.0,0.0
E9A9G4T18,0,80.0,0.0
E9A9G4T19,0,81.0,0.0
E9A9G4T2,0,81.0,0.0
E9A9G4T20,0,81.0,0.0
E9A9G4T21,0,80.0,0.0
E9A9G4T22,0,79.0,0.0
E9A9G4T23,0,80.0,0.0
E9A9G4T24,0,79.0,0.0
E9A9G4T25,0,81.0,0.0
E9A9G4T26,0,81.0,0.0
E9A9G4T27,0,80.0,0.0
E9A9G4T28,0,80.0,0.0
E9A9G4T29,0,80.0,0.0
E9A9G4T3,0,79.0,0.0
E9A9G4T30,0,82.0,0.0
E9A9G4T31,0,80.0,0.0
E9A9G4T32,0,79.0,0.0
E9A9G4T33,0,80.0,0.0
E9A9G4T34,0,80.0,0.0
E9A9G4T35,1,81.0,0.0
E9A9G4T36,0,80.0,0.0
E9A9G4T37,0,80.0,0.0
E9A9G4T38,0,80.0,0.0
E9A9G4T39,0,79.0,0.0
E9A9G4T4,0,79.0,0.0
E9A9G4T40,0,80.0,0.0
E9A9G4T5,0,79.0,0.0
E9A9G4T6,0,79.0,0.0
E9A9G4T7,0,81.0,0.0
E9A9G4T8,0,79.0,0.0
E9A9G4T9,0,80.0,0.0
E9A9G6T1,0,80.0,0.0
E9A9G6T10,0,81.0,0.0
E9A9G6T11,0,79.0,0.0
E9A9G6T12,0,78.0,0.0
E9A9G6T13,0,79.0,0.0
E9A9G6T14,0,81.0,0.0
E9A9G6T15,0,80.0,0.0
E9A9G6T16,0,80.0,0.0
E9A9G6T17,0,79.0,0.0
E9A9G6T18,0,81.0,0.0
E9A9G6T19,0,80.0,0.0
E9A9G6T2,0,79.0,0.0
E9A9G6T20,4199,15.0,0.0
E9A9G6T21,0,79.0,0.0
E9A9G6T22,0,81.0,0.0
E9A9G6T23,0,78.0,0.0
E9A9G6T24,0,80.0,0.0
E9A9G6T25,0,81.0,0.0
E9A9G6T26,0,78.0,0.0
E9A9G6T27,0,79.0,0.0
E9A9G6T28,0,80.0,0.0
E9A9G6T29,0,81.0,0.0
E9A9G6T3,0,79.0,0.0
E9A9G6T30,0,80.0,0.0
E9A9G6T31,0,80.0,0.0
E9A9G6T32,0,81.0,0.0
E9A9G6T33,0,81.0,0.0
E9A9G6T34,0,79.0,0.0
E9A9G6T35,0,79.0,0.0
E9A9G6T36,0,80.0,0.0
E9A9G6T37,0,81.0,0.0
E9A9G6T38,0,81.0,0.0
E9A9G6T39,0,80.0,0.0
E9A9G6T4,0,80.0,0.0
E9A9G6T40,0,82.0,0.0
E9A9G6T5,0,80.0,0.0
E9A9G6T6,0,79.0,0.0
E9A9G6T7,0,80.0,0.0
E9A9G6T8,0,80.0,0.0
E9A9G6T9,0,80.0,0.0
E9A9G9T1,0,81.0,0.0
E9A9G9T10,0,79.0,0.0
E9A9G9T11,0,81.0,0.0
E9A9G9T12,0,80.0,0.0
E9A9G9T13,0,80.0,0.0
E9A9G9T14,0,79.0,0.0
E9A9G9T15,0,79.0,0.0
E9A9G9T16,0,80.0,0.0
E9A9G9T17,0,79.0,0.0
E9A9G9T18,0,81.0,0.0
E9A9G9T19,0,81.0,0.0
E9A9G9T2,0,80.0,0.0
E9A9G9T20,0,80.0,0.0
E9A9G9T21,0,80.0,0.0
E9A9G9T22,0,81.0,0.0
E9A9G9T23,404,75.0,0.0
E9A9G9T24,0,81.0,0.0
E9A9G9T25,0,80.0,0.0
E9A9G9T26,0,80.0,0.0
E9A9G9T27,0,80.0,0.0
E9A9G9T28,0,79.0,0.0
E9A9G9T29,0,81.0,0.0
E9A9G9T3,0,80.0,0.0
E9A9G9T30,0,80.0,0.0
E9A9G9T31,0,78.0,0.0
E9A9G9T32,0,80.0,0.0
E9A9G9T33,0,79.0,0.0
E9A9G9T34,0,80.0,0.0
E9A9G9T35,0,80.0,0.0
E9A9G9T36,0,80.0,0.0
E9A9G9T37,0,79.0,0.0
E9A9G9T38,0,80.0,0.0
E9A9G9T39,0,79.0,0.0
E9A9G9T4,0,80.0,0.0
E9A9G9T40,0,80.0,0.0
E9A9G9T5,0,81.0,0.0
E9A9G9T6,0,81.0,0.0
E9A9G9T7,0,79.0,0.0
E9A9G9T8,0,80.0,0.0
E9A9G9T9,0,80.0,0.0
