Filename,Sum_Rewards,Steps,Difference,Significant_Increase_Index
E1A1G1T1,416,6.0,1.1557787845992277e-07,3.0
E1A1G1T10,395,6.0,1.4295843122539338e-07,3.0
E1A1G1T11,458,6.0,1.743664809197026e-07,8.0
E1A1G1T12,428,6.0,1.5207889136870325e-07,3.0
E1A1G1T13,414,6.0,1.56588639164319e-07,3.0
E1A1G1T14,442,6.0,1.7644432982877538e-07,3.0
E1A1G1T15,430,6.0,1.5284807856630877e-07,7.0
E1A1G1T16,423,6.0,1.4985709983122422e-07,4.0
E1A1G1T17,408,6.0,1.4913620187586638e-07,4.0
E1A1G1T18,395,6.0,1.381889005139092e-07,91.0
E1A1G1T19,423,6.0,1.4774519846718534e-07,5.0
E1A1G1T2,424,6.0,1.4841776762203892e-07,12.0
E1A1G1T20,447,6.0,1.6252479766229979e-07,6.0
E1A1G1T21,416,6.0,1.6322368668858088e-07,4.0
E1A1G1T22,415,6.0,1.5131211253557748e-07,6.0
E1A1G1T23,440,6.0,1.548694245887182e-07,4.0
E1A1G1T24,423,6.0,1.606257285045079e-07,11.0
E1A1G1T25,435,6.0,1.592859060138363e-07,10.0
E1A1G1T26,430,6.0,1.4050120604614564e-07,5.0
E1A1G1T27,420,6.0,1.729290948872959e-07,20.0
E1A1G1T28,392,6.0,1.4267215070180958e-07,18.0
E1A1G1T29,426,6.0,1.6623179059626493e-07,3.0
E1A1G1T3,421,6.0,1.7703617348478066e-07,44.0
E1A1G1T30,427,6.0,1.5482264455517325e-07,4.0
E1A1G1T31,419,6.0,1.404214027415036e-07,3.0
E1A1G1T32,448,6.0,1.44442965087534e-07,5.0
E1A1G1T33,421,6.0,1.5853071158010204e-07,23.0
E1A1G1T34,419,6.0,1.5940899924099357e-07,31.0
E1A1G1T35,404,6.0,1.4204900771425733e-07,23.0
E1A1G1T36,409,6.0,1.553901155444514e-07,3.0
E1A1G1T37,417,6.0,1.5089422942591544e-07,5.0
E1A1G1T38,453,6.0,1.7590938545580302e-07,5.0
E1A1G1T39,436,6.0,1.7661950518569774e-07,44.0
E1A1G1T4,403,6.0,1.4020132409940724e-07,3.0
E1A1G1T40,449,6.0,1.69369195242629e-07,57.0
E1A1G1T5,378,6.0,1.210846673117914e-07,5.0
E1A1G1T6,435,6.0,1.5806859299974384e-07,3.0
E1A1G1T7,390,6.0,1.1824007014467717e-07,5.0
E1A1G1T8,437,6.0,1.473331841770105e-07,26.0
E1A1G1T9,410,6.0,1.4245370151606042e-07,4.0
E1A1G4T1,389,6.0,5.461345076936959e-05,3.0
E1A1G4T10,420,6.0,6.056885878555074e-05,8.0
E1A1G4T11,398,6.0,6.25873101129698e-05,4.0
E1A1G4T12,406,6.0,6.463312649116572e-05,62.0
E1A1G4T13,446,6.0,5.796905152594373e-05,5.0
E1A1G4T14,418,6.0,6.487512863986596e-05,61.0
E1A1G4T15,420,6.0,6.142899941788163e-05,4.0
E1A1G4T16,426,6.0,6.0606150507202494e-05,4.0
E1A1G4T17,417,6.0,5.834038145449749e-05,7.0
E1A1G4T18,429,6.0,6.070395082924064e-05,10.0
E1A1G4T19,441,6.0,6.282973702859151e-05,4.0
E1A1G4T2,434,6.0,6.693767100733261e-05,4.0
E1A1G4T20,443,6.0,6.94931244341133e-05,4.0
E1A1G4T21,463,6.0,6.0638792449925976e-05,4.0
E1A1G4T22,470,6.0,7.442399333189165e-05,67.0
E1A1G4T23,404,6.0,6.310604364267281e-05,4.0
E1A1G4T24,391,6.0,5.536691022161054e-05,4.0
E1A1G4T25,421,6.0,6.175928639806026e-05,5.0
E1A1G4T26,416,6.0,5.683983289245564e-05,5.0
E1A1G4T27,411,6.0,5.87218539601723e-05,10.0
E1A1G4T28,440,6.0,6.173199374942477e-05,6.0
E1A1G4T29,373,6.0,4.1969628968412174e-05,6.0
E1A1G4T3,444,6.0,6.546314872076893e-05,6.0
E1A1G4T30,421,6.0,6.023450938341016e-05,5.0
E1A1G4T31,416,6.0,5.950971525528487e-05,6.0
E1A1G4T32,458,6.0,6.861664654706017e-05,3.0
E1A1G4T33,401,6.0,5.917440356397561e-05,3.0
E1A1G4T34,449,6.0,6.192275944856469e-05,3.0
E1A1G4T35,432,6.0,6.457505780054182e-05,5.0
E1A1G4T36,475,6.0,7.806307186822279e-05,20.0
E1A1G4T37,406,6.0,6.272238774007375e-05,3.0
E1A1G4T38,415,6.0,6.0534419140400833e-05,3.0
E1A1G4T39,416,6.0,5.81319207758834e-05,3.0
E1A1G4T4,438,6.0,6.223249959826096e-05,3.0
E1A1G4T40,417,6.0,5.993650360707102e-05,4.0
E1A1G4T5,466,6.0,6.206084053577802e-05,3.0
E1A1G4T6,382,6.0,5.56953956779476e-05,6.0
E1A1G4T7,415,6.0,6.037607633702552e-05,3.0
E1A1G4T8,410,6.0,6.245466497965243e-05,6.0
E1A1G4T9,430,6.0,6.018405769197809e-05,3.0
E1A1G6T1,441,6.0,0.000478918227806,3.0
E1A1G6T10,477,6.0,0.0005015262411021,15.0
E1A1G6T11,470,6.0,0.0005114839779705,19.0
E1A1G6T12,406,6.0,0.0004360100746241,5.0
E1A1G6T13,402,6.0,0.0003991519264508,4.0
E1A1G6T14,409,6.0,0.0004127339878794,10.0
E1A1G6T15,441,6.0,0.0004827148820101,65.0
E1A1G6T16,394,6.0,0.0004409707381377,6.0
E1A1G6T17,398,6.0,0.0004342480225923,3.0
E1A1G6T18,441,6.0,0.0004408422734751,5.0
E1A1G6T19,399,6.0,0.0003896294080931,7.0
E1A1G6T2,424,6.0,0.0004409511685278,4.0
E1A1G6T20,436,6.0,0.000449838973508,3.0
E1A1G6T21,430,6.0,0.0004600130234132,4.0
E1A1G6T22,413,6.0,0.000442112984252,5.0
E1A1G6T23,416,6.0,0.0004583681767453,16.0
E1A1G6T24,444,6.0,0.000478443420699,3.0
E1A1G6T25,448,6.0,0.0004953334847862,4.0
E1A1G6T26,434,6.0,0.0004966243211373,70.0
E1A1G6T27,443,6.0,0.0004629569206474,5.0
E1A1G6T28,414,6.0,0.0003995000159047,12.0
E1A1G6T29,451,6.0,0.000489822706249,14.0
E1A1G6T3,392,6.0,0.0003834563773319,7.0
E1A1G6T30,417,6.0,0.0004513998555534,4.0
E1A1G6T31,459,6.0,0.000517614540308,14.0
E1A1G6T32,391,6.0,0.0003777201663151,7.0
E1A1G6T33,460,6.0,0.0004965810617131,3.0
E1A1G6T34,457,6.0,0.0005037303596956,29.0
E1A1G6T35,458,6.0,0.0005087025655779,22.0
E1A1G6T36,417,6.0,0.0004570905941847,9.0
E1A1G6T37,414,6.0,0.0004400201580298,46.0
E1A1G6T38,400,6.0,0.0004164908021383,4.0
E1A1G6T39,431,6.0,0.0004722810352132,94.0
E1A1G6T4,418,6.0,0.000483875550406,3.0
E1A1G6T40,456,6.0,0.0005036985314145,12.0
E1A1G6T5,460,6.0,0.0005093675847979,10.0
E1A1G6T6,429,6.0,0.0004784793470744,15.0
E1A1G6T7,449,6.0,0.0004964982524899,5.0
E1A1G6T8,444,6.0,0.0005067378944538,30.0
E1A1G6T9,425,6.0,0.0004415436154958,3.0
E1A1G9T1,455,6.0,0.004642086942141,5.0
E1A1G9T10,405,6.0,0.0040758942466518,3.0
E1A1G9T11,432,6.0,0.0043758326065961,3.0
E1A1G9T12,420,6.0,0.0042072629078386,8.0
E1A1G9T13,399,6.0,0.0041199410865164,7.0
E1A1G9T14,411,6.0,0.0041620754327088,4.0
E1A1G9T15,426,6.0,0.0041681358357995,3.0
E1A1G9T16,442,6.0,0.0045688117294804,6.0
E1A1G9T17,423,6.0,0.0041321957240859,25.0
E1A1G9T18,411,6.0,0.0040851893560198,3.0
E1A1G9T19,401,6.0,0.0040432438828512,5.0
E1A1G9T2,413,6.0,0.0039206420691743,3.0
E1A1G9T20,467,6.0,0.0046660883229584,3.0
E1A1G9T21,406,6.0,0.004312669200981,4.0
E1A1G9T22,396,6.0,0.0035838498738802,5.0
E1A1G9T23,424,6.0,0.0041550748142837,16.0
E1A1G9T24,425,6.0,0.0045524499129087,9.0
E1A1G9T25,401,6.0,0.0039002587336333,5.0
E1A1G9T26,425,6.0,0.0042764756724797,6.0
E1A1G9T27,411,6.0,0.003974220829973,4.0
E1A1G9T28,465,6.0,0.0046576945959946,5.0
E1A1G9T29,395,6.0,0.003670488372933,17.0
E1A1G9T3,427,6.0,0.0043580277344604,4.0
E1A1G9T30,419,6.0,0.0042180286993539,42.0
E1A1G9T31,417,6.0,0.0040278532347893,4.0
E1A1G9T32,419,6.0,0.0043399599882226,3.0
E1A1G9T33,419,6.0,0.0043433118733279,18.0
E1A1G9T34,420,6.0,0.0039833996069155,3.0
E1A1G9T35,452,6.0,0.0046529905645006,3.0
E1A1G9T36,428,6.0,0.0042771983328649,3.0
E1A1G9T37,421,6.0,0.0040729350127766,7.0
E1A1G9T38,448,6.0,0.0045573492059441,3.0
E1A1G9T39,434,6.0,0.0044468606559739,6.0
E1A1G9T4,430,6.0,0.0044421717692415,5.0
E1A1G9T40,439,6.0,0.0045151159026877,3.0
E1A1G9T5,418,6.0,0.0040899544315548,5.0
E1A1G9T6,377,6.0,0.0037507515996277,5.0
E1A1G9T7,391,6.0,0.0038649644525704,3.0
E1A1G9T8,442,6.0,0.0045833506904507,4.0
E1A1G9T9,444,6.0,0.0043918953864975,8.0
E1A4G1T1,457,6.0,3.646233223874943e-07,54.0
E1A4G1T10,454,6.0,3.5771241123035855e-07,6.0
E1A4G1T11,413,6.0,3.5637022184611065e-07,5.0
E1A4G1T12,425,6.0,2.53102857329834e-07,6.0
E1A4G1T13,417,6.0,3.389217588629957e-07,11.0
E1A4G1T14,388,6.0,2.3112978651308218e-07,6.0
E1A4G1T15,452,6.0,3.784473286985248e-07,3.0
E1A4G1T16,429,6.0,3.4457097053053135e-07,23.0
E1A4G1T17,413,6.0,2.828742656515083e-07,21.0
E1A4G1T18,390,6.0,2.477041693362187e-07,3.0
E1A4G1T19,411,6.0,2.906534711438818e-07,45.0
E1A4G1T2,422,6.0,3.07633938821067e-07,4.0
E1A4G1T20,414,6.0,2.639638553226161e-07,4.0
E1A4G1T21,418,6.0,2.78212192391245e-07,7.0
E1A4G1T22,419,6.0,2.265951796956968e-07,9.0
E1A4G1T23,406,6.0,2.42571442874462e-07,3.0
E1A4G1T24,419,6.0,2.9934344096914266e-07,6.0
E1A4G1T25,412,6.0,2.6997860871251815e-07,4.0
E1A4G1T26,475,6.0,3.158466207262303e-07,5.0
E1A4G1T27,402,6.0,2.3874281057628544e-07,4.0
E1A4G1T28,435,6.0,2.9479655628160925e-07,14.0
E1A4G1T29,409,6.0,3.326512295763429e-07,4.0
E1A4G1T3,404,6.0,2.893874234660168e-07,4.0
E1A4G1T30,407,6.0,2.312625999767468e-07,6.0
E1A4G1T31,406,6.0,3.326516645859894e-07,3.0
E1A4G1T32,403,6.0,1.4834674932394345e-07,9.0
E1A4G1T33,410,6.0,2.820514499592412e-07,4.0
E1A4G1T34,395,6.0,2.3524180137179585e-07,56.0
E1A4G1T35,408,6.0,2.798148565802144e-07,4.0
E1A4G1T36,413,6.0,2.8577418150365264e-07,3.0
E1A4G1T37,444,6.0,3.248464361551516e-07,21.0
E1A4G1T38,401,6.0,1.4610480149738449e-07,12.0
E1A4G1T39,393,6.0,2.3012350060533338e-07,5.0
E1A4G1T4,434,6.0,3.43611099050783e-07,3.0
E1A4G1T40,428,6.0,2.956791143910593e-07,5.0
E1A4G1T5,441,6.0,3.435883257706921e-07,13.0
E1A4G1T6,401,6.0,2.567769617727999e-07,4.0
E1A4G1T7,422,6.0,2.9034710421011254e-07,36.0
E1A4G1T8,442,6.0,3.867131500064006e-07,20.0
E1A4G1T9,384,6.0,2.295767181336363e-07,9.0
E1A4G4T1,417,6.0,0.0001791612404269,3.0
E1A4G4T10,396,6.0,0.0001641173097536,6.0
E1A4G4T11,421,6.0,0.0001920127477713,3.0
E1A4G4T12,418,6.0,0.0001957514998255,6.0
E1A4G4T13,383,6.0,0.00017723520074,9.0
E1A4G4T14,430,6.0,0.0002053639133971,7.0
E1A4G4T15,409,6.0,0.0001773995129111,6.0
E1A4G4T16,411,6.0,0.0001861138038969,4.0
E1A4G4T17,369,6.0,0.0001286384162136,8.0
E1A4G4T18,415,6.0,0.0001968261502352,3.0
E1A4G4T19,385,6.0,0.0001813382019903,14.0
E1A4G4T2,389,6.0,0.0001807633988884,3.0
E1A4G4T20,411,6.0,0.0001954399732192,36.0
E1A4G4T21,393,6.0,0.0001819407200736,3.0
E1A4G4T22,431,6.0,0.000192862205156,4.0
E1A4G4T23,411,6.0,0.0001835602597997,3.0
E1A4G4T24,398,6.0,0.0001702369793748,10.0
E1A4G4T25,431,6.0,0.0001997781517853,3.0
E1A4G4T26,417,6.0,0.0001887833349096,4.0
E1A4G4T27,403,6.0,0.0001868781867074,5.0
E1A4G4T28,416,6.0,0.0001989726572697,7.0
E1A4G4T29,430,6.0,0.0001963298076825,3.0
E1A4G4T3,414,6.0,0.0001906207699938,3.0
E1A4G4T30,410,6.0,0.0001816271345971,10.0
E1A4G4T31,419,6.0,0.0001834749712197,3.0
E1A4G4T32,411,6.0,0.0001894705097256,5.0
E1A4G4T33,424,6.0,0.0001910157793776,4.0
E1A4G4T34,405,6.0,0.0001803299575405,3.0
E1A4G4T35,403,6.0,0.0001866075720048,5.0
E1A4G4T36,426,6.0,0.0001914259305687,13.0
E1A4G4T37,351,6.0,0.000159783547492,83.0
E1A4G4T38,411,6.0,0.0001858208634967,5.0
E1A4G4T39,408,6.0,0.0001868578988059,4.0
E1A4G4T4,385,6.0,0.0001733255611499,3.0
E1A4G4T40,408,6.0,0.000174690567982,3.0
E1A4G4T5,390,6.0,0.0001776746830236,5.0
E1A4G4T6,403,6.0,0.0001790678391181,3.0
E1A4G4T7,398,6.0,0.0001851372001473,4.0
E1A4G4T8,392,6.0,0.0001633263756509,9.0
E1A4G4T9,391,6.0,0.0001709770208588,20.0
E1A4G6T1,394,6.0,0.0014413366884651,20.0
E1A4G6T10,398,6.0,0.001573709495727,28.0
E1A4G6T11,431,6.0,0.0017235916202182,6.0
E1A4G6T12,394,6.0,0.001460153942892,4.0
E1A4G6T13,401,6.0,0.0014912179848158,3.0
E1A4G6T14,419,6.0,0.0016572853246078,19.0
E1A4G6T15,389,6.0,0.0014530937777439,3.0
E1A4G6T16,400,6.0,0.0013851985624366,21.0
E1A4G6T17,385,6.0,0.0013641640913642,3.0
E1A4G6T18,416,6.0,0.0016035754854609,4.0
E1A4G6T19,392,6.0,0.0015188733974841,3.0
E1A4G6T2,402,6.0,0.0015813444771452,5.0
E1A4G6T20,424,6.0,0.0015009473628233,6.0
E1A4G6T21,413,6.0,0.0015403782949918,13.0
E1A4G6T22,428,6.0,0.0016870964910493,5.0
E1A4G6T23,395,6.0,0.0014530005458062,4.0
E1A4G6T24,423,6.0,0.001591784225229,3.0
E1A4G6T25,412,6.0,0.0015359171633406,3.0
E1A4G6T26,362,6.0,0.001258456862872,4.0
E1A4G6T27,410,6.0,0.0015465221813912,3.0
E1A4G6T28,417,6.0,0.0015838372669512,12.0
E1A4G6T29,381,6.0,0.0014938663872018,79.0
E1A4G6T3,404,6.0,0.0014414519433746,7.0
E1A4G6T30,365,6.0,0.0011942966602806,5.0
E1A4G6T31,387,6.0,0.0014407822943089,5.0
E1A4G6T32,413,6.0,0.0016817369751999,57.0
E1A4G6T33,406,6.0,0.0015596234195456,10.0
E1A4G6T34,407,6.0,0.0015609375501034,30.0
E1A4G6T35,403,6.0,0.0015245599071616,12.0
E1A4G6T36,408,6.0,0.0014806744311682,3.0
E1A4G6T37,409,6.0,0.0015022201044253,5.0
E1A4G6T38,389,6.0,0.0013177818177559,8.0
E1A4G6T39,382,6.0,0.0014227200512861,3.0
E1A4G6T4,404,6.0,0.0014808865716596,5.0
E1A4G6T40,415,6.0,0.0016623893249317,3.0
E1A4G6T5,372,6.0,0.0012078918588638,6.0
E1A4G6T6,396,6.0,0.0015157363134026,3.0
E1A4G6T7,398,6.0,0.0014215108198492,4.0
E1A4G6T8,437,6.0,0.0017102102121177,3.0
E1A4G6T9,413,6.0,0.0014618366187407,9.0
E1A4G9T1,411,6.0,0.0186080701589427,9.0
E1A4G9T10,358,6.0,0.0157128498275112,5.0
E1A4G9T11,381,6.0,0.0171816459266171,4.0
E1A4G9T12,380,6.0,0.0172461244365346,4.0
E1A4G9T13,369,6.0,0.0166135622015205,7.0
E1A4G9T14,354,6.0,0.0157460683503056,6.0
E1A4G9T15,373,6.0,0.0169073881149858,57.0
E1A4G9T16,403,6.0,0.0186336692405174,20.0
E1A4G9T17,388,6.0,0.0175948779437117,3.0
E1A4G9T18,395,6.0,0.0178913886436163,3.0
E1A4G9T19,381,6.0,0.017481487464454,9.0
E1A4G9T2,361,6.0,0.0163364452008913,10.0
E1A4G9T20,361,6.0,0.0160968836672025,5.0
E1A4G9T21,374,6.0,0.0165285298795982,7.0
E1A4G9T22,431,6.0,0.0208059176196307,8.0
E1A4G9T23,360,6.0,0.0162717256053037,4.0
E1A4G9T24,376,6.0,0.0170607078292221,14.0
E1A4G9T25,369,7.0,0.015870497373235,4.0
E1A4G9T26,411,6.0,0.0185233397240594,4.0
E1A4G9T27,384,6.0,0.0178526637306592,26.0
E1A4G9T28,398,6.0,0.0185844463546109,4.0
E1A4G9T29,372,6.0,0.0165421588810013,4.0
E1A4G9T3,375,6.0,0.017312789007239,6.0
E1A4G9T30,381,6.0,0.0172126477951424,4.0
E1A4G9T31,396,6.0,0.018369363558718,4.0
E1A4G9T32,353,7.0,0.0161786142896801,4.0
E1A4G9T33,390,6.0,0.0180835285618987,14.0
E1A4G9T34,351,6.0,0.0155427612698915,4.0
E1A4G9T35,414,6.5,0.0181335982233331,7.0
E1A4G9T36,429,7.0,0.0202446512798003,44.0
E1A4G9T37,378,6.0,0.016850852097798,5.0
E1A4G9T38,374,6.0,0.0161426537483728,9.0
E1A4G9T39,400,6.0,0.018847603119446,10.0
E1A4G9T4,376,6.0,0.0173999557745759,50.0
E1A4G9T40,400,6.0,0.0181177712794475,10.0
E1A4G9T5,413,6.0,0.0185836225162188,4.0
E1A4G9T6,385,6.0,0.0181817396894558,49.0
E1A4G9T7,356,6.0,0.0154527480724482,3.0
E1A4G9T8,411,6.0,0.0183339939642305,3.0
E1A4G9T9,405,6.0,0.0186164933703883,3.0
E1A6G1T1,462,6.0,2.228959005040898e-07,4.0
E1A6G1T10,399,6.0,1.9769262708315298e-07,9.0
E1A6G1T11,424,6.0,1.9556807704876446e-07,4.0
E1A6G1T12,429,6.0,1.7289927073843905e-07,4.0
E1A6G1T13,409,6.0,1.838065906108306e-07,3.0
E1A6G1T14,386,6.0,1.6256538944441408e-07,4.0
E1A6G1T15,436,6.0,2.100196269569405e-07,3.0
E1A6G1T16,418,6.0,1.7956630741983178e-07,4.0
E1A6G1T17,388,6.0,1.742957343761177e-07,65.0
E1A6G1T18,430,6.0,2.1491880962578677e-07,4.0
E1A6G1T19,408,6.0,1.6727514553844518e-07,4.0
E1A6G1T2,411,6.0,1.909491169973056e-07,24.0
E1A6G1T20,398,6.0,1.805697873632805e-07,4.0
E1A6G1T21,399,6.0,1.9303324094199715e-07,4.0
E1A6G1T22,440,6.0,2.168845028893567e-07,9.0
E1A6G1T23,402,6.0,1.937502404770579e-07,3.0
E1A6G1T24,421,6.0,2.340401961861436e-07,33.0
E1A6G1T25,403,6.0,1.932924887442613e-07,3.0
E1A6G1T26,429,6.0,2.1152700043372133e-07,4.0
E1A6G1T27,398,6.0,1.6677150033255365e-07,5.0
E1A6G1T28,441,6.0,2.2580554323673005e-07,3.0
E1A6G1T29,402,6.0,2.050428826908865e-07,26.0
E1A6G1T3,352,6.0,1.248645840603229e-07,4.0
E1A6G1T30,399,6.0,1.8009521106562845e-07,7.0
E1A6G1T31,379,6.0,1.710543794806208e-07,4.0
E1A6G1T32,424,6.0,2.328925906155473e-07,12.0
E1A6G1T33,410,6.0,1.550160281102633e-07,20.0
E1A6G1T34,430,6.0,1.861821878755903e-07,8.0
E1A6G1T35,379,6.0,1.6959893393906017e-07,22.0
E1A6G1T36,382,6.0,1.5400159279251506e-07,7.0
E1A6G1T37,398,6.0,2.2528913895735605e-07,20.0
E1A6G1T38,386,6.0,1.6622673967351153e-07,57.0
E1A6G1T39,402,6.0,2.072796717415393e-07,9.0
E1A6G1T4,370,6.0,1.3978825153360065e-07,3.0
E1A6G1T40,401,6.0,1.940893564437599e-07,3.0
E1A6G1T5,418,6.0,2.2248683400222135e-07,4.0
E1A6G1T6,441,6.0,2.0828037587611185e-07,21.0
E1A6G1T7,434,6.0,1.884020603720296e-07,4.0
E1A6G1T8,404,6.0,1.8839259324202939e-07,3.0
E1A6G1T9,399,6.0,1.861104473150633e-07,13.0
E1A6G4T1,371,6.0,0.0001509168614432,15.0
E1A6G4T10,385,6.0,0.0001777012015574,7.0
E1A6G4T11,401,6.0,0.0001754845268051,4.0
E1A6G4T12,372,6.0,0.0001614864971122,7.0
E1A6G4T13,390,6.0,0.0001725024715248,3.0
E1A6G4T14,388,6.0,0.0001621966619133,22.0
E1A6G4T15,389,6.0,0.0001777026842581,10.0
E1A6G4T16,380,6.0,0.0001638733848971,5.0
E1A6G4T17,389,6.0,0.0001655109531614,5.0
E1A6G4T18,406,6.0,0.0001766096468356,26.0
E1A6G4T19,367,6.0,0.0001613127253222,4.0
E1A6G4T2,371,6.0,0.0001593865095285,3.0
E1A6G4T20,395,6.0,0.0001725165038456,4.0
E1A6G4T21,395,6.0,0.0001813845695023,
E1A6G4T22,385,6.0,0.0001525682829342,7.0
E1A6G4T23,341,6.0,0.000144081557386,
E1A6G4T24,384,6.0,0.0001413936551603,8.0
E1A6G4T25,378,6.0,0.0001899703016809,5.0
E1A6G4T26,343,6.0,0.0001253521588893,6.0
E1A6G4T27,416,6.0,0.0001942407796576,4.0
E1A6G4T28,382,6.0,0.0001901146778031,25.0
E1A6G4T29,385,6.0,0.0001613204748698,30.0
E1A6G4T3,365,6.0,0.0001502527053237,3.0
E1A6G4T30,388,6.0,0.0001684943971631,39.0
E1A6G4T31,349,6.0,0.0001426215093978,3.0
E1A6G4T32,374,6.0,0.0001618351741015,6.0
E1A6G4T33,417,6.0,0.0001777916809308,3.0
E1A6G4T34,375,6.0,0.0001542731342813,3.0
E1A6G4T35,396,6.0,0.0001789051236645,4.0
E1A6G4T36,354,6.0,0.0001431188759737,3.0
E1A6G4T37,405,6.0,0.0001869405927304,18.0
E1A6G4T38,380,6.0,0.0001355807681072,5.0
E1A6G4T39,371,6.0,0.0001598765097697,5.0
E1A6G4T4,367,6.0,0.0001566841048257,3.0
E1A6G4T40,348,6.0,0.0001331956065248,5.0
E1A6G4T5,432,6.0,0.0001999688568958,3.0
E1A6G4T6,371,6.0,0.0001490277941171,21.0
E1A6G4T7,395,6.0,0.000174554831998,3.0
E1A6G4T8,365,6.0,0.0001606515871454,5.0
E1A6G4T9,411,6.0,0.0001897526191204,16.0
E1A6G6T1,392,6.0,0.0018773254533492,4.0
E1A6G6T10,374,6.0,0.0015845991046481,6.0
E1A6G6T11,333,6.0,0.0013620417738584,37.0
E1A6G6T12,349,6.0,0.0013933113719559,4.0
E1A6G6T13,347,6.0,0.0015339104621924,26.0
E1A6G6T14,382,6.0,0.0016731606595396,31.0
E1A6G6T15,365,7.0,0.0016193544127847,8.0
E1A6G6T16,431,6.0,0.0019651388959355,5.0
E1A6G6T17,381,6.0,0.0016385300782891,5.0
E1A6G6T18,371,7.0,0.0016207423861921,4.0
E1A6G6T19,381,6.0,0.0016623833752636,20.0
E1A6G6T2,362,6.0,0.0016117882220607,16.0
E1A6G6T20,388,6.0,0.0016924963523106,17.0
E1A6G6T21,351,6.0,0.0014070555240694,29.0
E1A6G6T22,352,6.0,0.0013483406208746,8.0
E1A6G6T23,367,6.0,0.0016304047397295,5.0
E1A6G6T24,352,6.0,0.0014507749980149,5.0
E1A6G6T25,359,6.0,0.0015101216610079,4.0
E1A6G6T26,384,6.0,0.0016523071031129,3.0
E1A6G6T27,387,6.0,0.0017703917230641,27.0
E1A6G6T28,375,6.0,0.0017308369577125,
E1A6G6T29,385,6.0,0.001684759579303,9.0
E1A6G6T3,355,6.0,0.0014781893465617,3.0
E1A6G6T30,381,6.0,0.0015733980048771,4.0
E1A6G6T31,346,6.0,0.0013925101762717,3.0
E1A6G6T32,353,7.0,0.0014250535139853,5.0
E1A6G6T33,377,6.0,0.0017043943991976,3.0
E1A6G6T34,417,6.0,0.0019198687054095,3.0
E1A6G6T35,362,6.0,0.0015672945264941,4.0
E1A6G6T36,387,6.0,0.0015971840033121,4.0
E1A6G6T37,373,6.0,0.001666434120262,4.0
E1A6G6T38,355,6.0,0.001489053228243,7.0
E1A6G6T39,368,6.0,0.0016400313192554,6.0
E1A6G6T4,371,6.0,0.0016732917538625,21.0
E1A6G6T40,375,6.0,0.0016475760930839,5.0
E1A6G6T5,366,6.0,0.0016047863432098,3.0
E1A6G6T6,362,6.0,0.0016170486046279,4.0
E1A6G6T7,367,6.0,0.0015892249910029,13.0
E1A6G6T8,407,6.0,0.0017537729026879,8.0
E1A6G6T9,414,6.0,0.0020857628778623,31.0
E1A6G9T1,348,7.0,0.0230089166150183,3.0
E1A6G9T10,339,7.0,0.0236293857546756,8.0
E1A6G9T11,351,7.0,0.0233890068298078,4.0
E1A6G9T12,349,6.0,0.0232395945518225,9.0
E1A6G9T13,350,6.0,0.0227513544994977,4.0
E1A6G9T14,336,7.0,0.0223884606912294,3.0
E1A6G9T15,330,6.0,0.0209085118788429,6.0
E1A6G9T16,353,7.0,0.0249469300978574,9.0
E1A6G9T17,360,6.0,0.0237631229567999,17.0
E1A6G9T18,348,6.0,0.0240019043471817,21.0
E1A6G9T19,346,6.0,0.0229490187665656,24.0
E1A6G9T2,355,7.0,0.0234859581190233,11.0
E1A6G9T20,315,6.0,0.0213512086642572,29.0
E1A6G9T21,329,7.0,0.0214228105877699,17.0
E1A6G9T22,328,6.0,0.021451638470433,17.0
E1A6G9T23,333,7.0,0.0209626286164582,5.0
E1A6G9T24,358,7.0,0.0242214796698225,13.0
E1A6G9T25,347,6.0,0.0225769080746072,3.0
E1A6G9T26,333,7.0,0.0204285959957025,6.0
E1A6G9T27,296,6.0,0.018726768400486,9.0
E1A6G9T28,309,6.0,0.0197773094995957,6.0
E1A6G9T29,309,7.0,0.0206921690625139,16.0
E1A6G9T3,302,7.0,0.0186096540545609,9.0
E1A6G9T30,355,7.0,0.0245806275356901,4.0
E1A6G9T31,352,6.0,0.0243760633056535,9.0
E1A6G9T32,304,6.0,0.0184173435401271,6.0
E1A6G9T33,362,7.0,0.023746257451362,11.0
E1A6G9T34,343,6.0,0.0227817851499903,3.0
E1A6G9T35,336,7.0,0.021995819863977,27.0
E1A6G9T36,318,7.0,0.021624460185881,3.0
E1A6G9T37,360,7.0,0.0246463347785612,3.0
E1A6G9T38,314,7.0,0.0208182636651301,5.0
E1A6G9T39,351,6.0,0.023463392815343,14.0
E1A6G9T4,329,7.0,0.0223451132271398,5.0
E1A6G9T40,313,6.0,0.0206601769819603,22.0
E1A6G9T5,327,7.0,0.0216716114160695,3.0
E1A6G9T6,338,7.0,0.0225097321809793,5.0
E1A6G9T7,348,7.0,0.0231160994268293,5.0
E1A6G9T8,303,7.0,0.0197811043091947,3.0
E1A6G9T9,342,7.0,0.0223894258610787,4.0
E1A9G1T1,369,6.0,8.751306948276921e-09,3.0
E1A9G1T10,363,6.0,7.416826914467396e-09,4.0
E1A9G1T11,375,6.0,9.229123431519778e-09,11.0
E1A9G1T12,389,6.0,1.0914278050929641e-08,34.0
E1A9G1T13,369,6.0,7.426691088478683e-09,9.0
E1A9G1T14,360,6.0,6.809380605063073e-09,5.0
E1A9G1T15,356,6.0,9.914975631627896e-09,47.0
E1A9G1T16,363,6.0,6.745470555635915e-09,4.0
E1A9G1T17,370,6.0,6.5063881165422045e-09,6.0
E1A9G1T18,411,6.0,1.0759889361233288e-08,4.0
E1A9G1T19,374,6.0,7.994406316404081e-09,58.0
E1A9G1T2,392,6.0,8.11368594349648e-09,3.0
E1A9G1T20,417,7.0,1.1824959442365184e-08,14.0
E1A9G1T21,354,6.0,6.0039100538191895e-09,3.0
E1A9G1T22,370,6.0,5.091055771148667e-09,6.0
E1A9G1T23,409,6.0,9.877063508321014e-09,3.0
E1A9G1T24,392,6.0,8.54844061857027e-09,5.0
E1A9G1T25,383,6.0,7.687341524485316e-09,
E1A9G1T26,374,6.0,8.657515550977133e-09,4.0
E1A9G1T27,368,6.0,7.082618644162742e-09,26.0
E1A9G1T28,386,6.0,8.193464940193586e-09,7.0
E1A9G1T29,402,6.0,1.12344280411996e-08,3.0
E1A9G1T3,367,6.0,9.56655584767553e-09,3.0
E1A9G1T30,364,6.0,7.925133269991486e-09,7.0
E1A9G1T31,341,6.0,5.034572430896161e-09,3.0
E1A9G1T32,359,6.0,6.287714013673321e-09,3.0
E1A9G1T33,388,6.0,7.876725397159902e-09,4.0
E1A9G1T34,367,6.0,7.417167015128211e-09,12.0
E1A9G1T35,386,6.0,1.2131963851111109e-08,4.0
E1A9G1T36,362,6.0,6.903368789704856e-09,4.0
E1A9G1T37,393,6.0,1.0448106828371385e-08,18.0
E1A9G1T38,397,6.0,9.724541022944321e-09,10.0
E1A9G1T39,374,6.0,7.094167832787642e-09,5.0
E1A9G1T4,399,6.0,1.0807323569867184e-08,3.0
E1A9G1T40,387,6.0,7.804076773452098e-09,13.0
E1A9G1T5,371,6.0,7.705514913367357e-09,4.0
E1A9G1T6,391,6.0,1.0158859377013397e-08,59.0
E1A9G1T7,390,7.0,1.0548891314358394e-08,4.0
E1A9G1T8,398,6.0,1.0438038839180248e-08,3.0
E1A9G1T9,386,6.0,7.996650151484633e-09,8.0
E1A9G4T1,311,7.0,1.5565364086766572e-05,10.0
E1A9G4T10,330,6.0,1.8625660069715844e-05,4.0
E1A9G4T11,322,6.0,1.792780266628439e-05,6.0
E1A9G4T12,327,6.0,2.2524120017737373e-05,3.0
E1A9G4T13,322,6.0,1.54844278007769e-05,61.0
E1A9G4T14,352,6.0,2.307680703841052e-05,4.0
E1A9G4T15,339,7.0,2.182461529568697e-05,4.0
E1A9G4T16,334,6.0,2.196190907119032e-05,26.0
E1A9G4T17,330,7.0,2.437005332250061e-05,12.0
E1A9G4T18,326,6.0,2.187282987164323e-05,4.0
E1A9G4T19,330,6.0,2.0966638189986008e-05,3.0
E1A9G4T2,312,7.0,1.5493967022713162e-05,10.0
E1A9G4T20,302,6.0,1.23750060817033e-05,7.0
E1A9G4T21,326,6.0,2.458335766299847e-05,73.0
E1A9G4T22,306,6.0,1.4911469693683426e-05,4.0
E1A9G4T23,321,7.0,1.4414646577352615e-05,4.0
E1A9G4T24,332,6.0,2.0623805862395005e-05,4.0
E1A9G4T25,312,7.0,1.8190648914943265e-05,66.0
E1A9G4T26,350,7.0,1.7453294028511232e-05,5.0
E1A9G4T27,307,7.0,1.7717818444262005e-05,51.0
E1A9G4T28,330,6.0,2.176917791634152e-05,12.0
E1A9G4T29,330,6.0,1.908569956086367e-05,8.0
E1A9G4T3,353,6.0,2.433864462349828e-05,13.0
E1A9G4T30,343,6.0,1.9668968406467825e-05,3.0
E1A9G4T31,341,6.0,2.3394451539401752e-05,7.0
E1A9G4T32,311,7.0,1.669224083332954e-05,3.0
E1A9G4T33,336,6.0,2.3469025170827243e-05,4.0
E1A9G4T34,331,6.0,1.8778094671242927e-05,13.0
E1A9G4T35,333,7.0,1.8154554038237095e-05,14.0
E1A9G4T36,352,7.0,2.2260727051073216e-05,10.0
E1A9G4T37,322,6.0,1.797428229652455e-05,3.0
E1A9G4T38,317,6.0,1.4886086096677005e-05,6.0
E1A9G4T39,338,7.0,1.904572288969636e-05,21.0
E1A9G4T4,329,6.0,2.3015239517013827e-05,6.0
E1A9G4T40,332,6.0,1.992664753163697e-05,20.0
E1A9G4T5,307,6.0,1.6670737717669994e-05,3.0
E1A9G4T6,373,6.0,2.677556483441976e-05,25.0
E1A9G4T7,330,6.0,1.9437273855876904e-05,3.0
E1A9G4T8,322,7.0,1.6627895213615394e-05,5.0
E1A9G4T9,331,6.0,1.820352227011821e-05,4.0
E1A9G6T1,330,7.0,0.0003703350271768,6.0
E1A9G6T10,337,7.0,0.0003992543608582,45.0
E1A9G6T11,297,7.0,0.0003293802474291,6.0
E1A9G6T12,299,7.0,0.0002884558845705,5.0
E1A9G6T13,318,7.0,0.0004277148568672,6.0
E1A9G6T14,336,6.0,0.0004352456389526,68.0
E1A9G6T15,292,7.0,0.0002553260675284,7.0
E1A9G6T16,306,7.0,0.0003213896602791,8.0
E1A9G6T17,306,7.0,0.0003630585712803,22.0
E1A9G6T18,302,7.0,0.0003222350715894,3.0
E1A9G6T19,334,7.0,0.0003287122373855,5.0
E1A9G6T2,314,7.0,0.0003585126685281,17.0
E1A9G6T20,310,7.0,0.0003852773808749,4.0
E1A9G6T21,289,7.0,0.0002973116845043,3.0
E1A9G6T22,334,7.0,0.0004691574797489,4.0
E1A9G6T23,331,7.0,0.0003542997572888,11.0
E1A9G6T24,346,7.0,0.0004263897990009,10.0
E1A9G6T25,313,7.0,0.0003730326223063,3.0
E1A9G6T26,308,7.0,0.0003245169674504,36.0
E1A9G6T27,349,7.0,0.0004348735568256,3.0
E1A9G6T28,301,7.0,0.0003032417175268,50.0
E1A9G6T29,308,6.0,0.0002909378739292,4.0
E1A9G6T3,345,7.0,0.0004430861171133,4.0
E1A9G6T30,353,7.0,0.0005024772509597,30.0
E1A9G6T31,319,7.0,0.0003558027519578,35.0
E1A9G6T32,335,7.0,0.0003515596362372,12.0
E1A9G6T33,343,6.0,0.0004407313631684,3.0
E1A9G6T34,341,7.0,0.00041276288445,4.0
E1A9G6T35,324,7.0,0.0004182694086164,37.0
E1A9G6T36,323,6.0,0.0003588235948321,5.0
E1A9G6T37,324,7.0,0.0003834525704933,24.0
E1A9G6T38,350,7.0,0.0004833063307937,3.0
E1A9G6T39,319,7.0,0.000322537561567,7.0
E1A9G6T4,305,7.0,0.0003235974075132,3.0
E1A9G6T40,298,7.0,0.00027906032671,5.0
E1A9G6T5,338,7.0,0.000463882551984,3.0
E1A9G6T6,318,7.0,0.0003733293536466,3.0
E1A9G6T7,354,7.0,0.0004520375896162,5.0
E1A9G6T8,310,7.0,0.0003620989938738,9.0
E1A9G6T9,337,7.0,0.000386916611287,26.0
E1A9G9T1,276,6.0,0.0105321592390075,3.0
E1A9G9T10,277,7.0,0.0094885636355004,8.0
E1A9G9T11,259,7.0,0.0098438373663101,4.0
E1A9G9T12,296,7.0,0.0130529646188775,5.0
E1A9G9T13,306,7.0,0.0138425698799682,60.0
E1A9G9T14,291,7.0,0.0144570781862595,46.0
E1A9G9T15,313,7.0,0.0147870031996871,4.0
E1A9G9T16,281,7.0,0.0118135989745732,46.0
E1A9G9T17,264,7.0,0.0104101059068143,7.0
E1A9G9T18,281,7.0,0.0119801282939024,7.0
E1A9G9T19,305,7.0,0.014389669567292,39.0
E1A9G9T2,289,7.0,0.012427053444568,7.0
E1A9G9T20,311,7.0,0.0146988532142493,19.0
E1A9G9T21,291,7.0,0.0130205166301634,4.0
E1A9G9T22,276,7.0,0.011129390392917,4.0
E1A9G9T23,277,7.0,0.0112501502204898,14.0
E1A9G9T24,323,7.0,0.0170867627863115,46.0
E1A9G9T25,298,7.0,0.0153815224851089,5.0
E1A9G9T26,283,7.0,0.0118670101162742,3.0
E1A9G9T27,288,7.0,0.0136506070761865,5.0
E1A9G9T28,291,7.0,0.0129827790175136,14.0
E1A9G9T29,286,7.0,0.0125053903697655,85.0
E1A9G9T3,300,7.0,0.0155094504360227,9.0
E1A9G9T30,302,7.0,0.0166063418995918,8.0
E1A9G9T31,285,7.0,0.0121412341067099,10.0
E1A9G9T32,316,7.0,0.0137850255358335,8.0
E1A9G9T33,292,7.0,0.0137943009473635,6.0
E1A9G9T34,291,7.0,0.0148128602545569,82.0
E1A9G9T35,289,7.0,0.0118341684718422,3.0
E1A9G9T36,284,7.0,0.0132262925910117,37.0
E1A9G9T37,267,7.0,0.0126017421159162,
E1A9G9T38,286,7.0,0.0120544386734577,9.0
E1A9G9T39,290,7.0,0.0127751071616837,25.0
E1A9G9T4,282,7.0,0.0121595469294088,3.0
E1A9G9T40,268,7.0,0.0096208462785646,5.0
E1A9G9T5,304,7.0,0.0142922121764742,4.0
E1A9G9T6,302,7.0,0.0145778228468792,35.0
E1A9G9T7,338,7.0,0.0200312921274541,7.0
E1A9G9T8,271,7.0,0.0121445323015015,43.0
E1A9G9T9,303,7.0,0.0152729036354975,4.0
E4A1G1T1,2702,7.0,2.465023073399496e-05,4.0
E4A1G1T10,2747,7.0,2.4685383275574024e-05,4.0
E4A1G1T11,2580,7.0,2.0019168979353116e-05,9.0
E4A1G1T12,2595,7.0,2.125771559970244e-05,8.0
E4A1G1T13,2720,7.0,2.3159196871612423e-05,7.0
E4A1G1T14,2786,7.0,2.473594576133451e-05,3.0
E4A1G1T15,2733,7.0,2.332499418013475e-05,4.0
E4A1G1T16,2707,7.0,2.287648574874684e-05,4.0
E4A1G1T17,2788,7.0,2.537199641210704e-05,3.0
E4A1G1T18,2547,7.0,1.9557002235597967e-05,9.0
E4A1G1T19,2843,7.0,2.6124345598776054e-05,3.0
E4A1G1T2,2727,7.0,2.3779629534706364e-05,5.0
E4A1G1T20,2802,6.0,2.5934098644119856e-05,3.0
E4A1G1T21,2768,7.0,2.398347979449717e-05,4.0
E4A1G1T22,2767,7.0,2.4927933652539105e-05,3.0
E4A1G1T23,2815,7.0,2.608838975622372e-05,3.0
E4A1G1T24,2936,7.0,2.730579325313225e-05,3.0
E4A1G1T25,2795,7.0,2.4664538213823803e-05,3.0
E4A1G1T26,2819,7.0,2.543500589576909e-05,3.0
E4A1G1T27,2837,6.0,2.587343808585555e-05,3.0
E4A1G1T28,2664,7.0,2.263643407714551e-05,4.0
E4A1G1T29,2655,7.0,2.271667618671625e-05,6.0
E4A1G1T3,2664,7.0,2.19336470858703e-05,5.0
E4A1G1T30,2882,7.0,2.6619942871323752e-05,3.0
E4A1G1T31,2671,6.0,2.3086524864199123e-05,4.0
E4A1G1T32,2566,7.0,2.0759651112115364e-05,10.0
E4A1G1T33,2673,7.0,2.283256847612352e-05,7.0
E4A1G1T34,2650,7.0,2.296929908537064e-05,4.0
E4A1G1T35,2614,7.0,2.1037473891495315e-05,11.0
E4A1G1T36,2765,7.0,2.456627432243268e-05,3.0
E4A1G1T37,2724,7.0,2.4183931172164883e-05,4.0
E4A1G1T38,2516,7.0,1.9872847186253207e-05,7.0
E4A1G1T39,2831,7.0,2.660833663741333e-05,5.0
E4A1G1T4,2703,7.0,2.358734022600922e-05,5.0
E4A1G1T40,2442,7.0,1.664334519075525e-05,14.0
E4A1G1T5,2702,7.0,2.3548568651214403e-05,4.0
E4A1G1T6,2689,7.0,2.3371398859394853e-05,5.0
E4A1G1T7,2584,7.0,2.0117256571733125e-05,12.0
E4A1G1T8,2771,7.0,2.5314855783896847e-05,3.0
E4A1G1T9,2435,7.0,1.716908399313364e-05,11.0
E4A1G4T1,2829,7.0,0.0022708559417238,3.0
E4A1G4T10,2704,7.0,0.0020524670412956,5.0
E4A1G4T11,2652,7.0,0.0019558527441866,6.0
E4A1G4T12,2620,7.0,0.0018223418513957,9.0
E4A1G4T13,2412,7.0,0.0015117758648303,15.0
E4A1G4T14,2873,7.0,0.0022677063559748,3.0
E4A1G4T15,2749,7.0,0.0021913754515056,3.0
E4A1G4T16,2656,7.0,0.0019792254185655,7.0
E4A1G4T17,2744,7.0,0.0021191032065016,4.0
E4A1G4T18,2657,7.0,0.0019274820064533,4.0
E4A1G4T19,2584,7.0,0.0017748795865145,11.0
E4A1G4T2,2810,7.0,0.0021879223622136,5.0
E4A1G4T20,2682,7.0,0.0020057914471449,5.0
E4A1G4T21,2719,7.0,0.0020434904411817,4.0
E4A1G4T22,2497,7.0,0.0015866061256868,12.0
E4A1G4T23,2781,7.0,0.0021424100156017,4.0
E4A1G4T24,2736,7.0,0.0022344612474476,3.0
E4A1G4T25,2622,7.0,0.0019163686069059,7.0
E4A1G4T26,2787,7.0,0.0021566979666625,4.0
E4A1G4T27,2720,7.0,0.0020311009085928,5.0
E4A1G4T28,2773,7.0,0.0022079679641808,3.0
E4A1G4T29,2645,7.0,0.0019099341222885,6.0
E4A1G4T3,2849,7.0,0.002166610694801,3.0
E4A1G4T30,2742,7.0,0.0020464579455988,5.0
E4A1G4T31,2784,7.0,0.0022347686609457,4.0
E4A1G4T32,2840,7.0,0.002291165849588,3.0
E4A1G4T33,2787,7.0,0.0021146197629402,3.0
E4A1G4T34,2749,7.0,0.0021027085825658,5.0
E4A1G4T35,2817,7.0,0.0023122144151296,3.0
E4A1G4T36,2791,6.0,0.0021680955653984,3.0
E4A1G4T37,2316,7.0,0.0011613760683159,17.0
E4A1G4T38,2580,7.0,0.0017510209416145,8.0
E4A1G4T39,2764,7.0,0.0021630309052581,3.0
E4A1G4T4,2846,7.0,0.0023247082390128,4.0
E4A1G4T40,2571,7.0,0.0017808729222437,12.0
E4A1G4T5,2821,7.0,0.002333822634724,4.0
E4A1G4T6,2805,7.0,0.0022447401677904,4.0
E4A1G4T7,2656,7.0,0.001825738290349,9.0
E4A1G4T8,2666,7.0,0.0019902450132177,5.0
E4A1G4T9,2457,7.0,0.0015499984600031,12.0
E4A1G6T1,2605,7.0,0.0077510410901497,9.0
E4A1G6T10,2794,7.0,0.0096349766988858,3.0
E4A1G6T11,2324,7.0,0.0054509629937097,19.0
E4A1G6T12,2799,7.0,0.0096182552774109,3.0
E4A1G6T13,2767,7.0,0.0091608462997366,3.0
E4A1G6T14,2759,7.0,0.0091029421489665,5.0
E4A1G6T15,2840,7.0,0.0099942090853425,3.0
E4A1G6T16,2541,7.0,0.0072232996906288,10.0
E4A1G6T17,2745,7.0,0.0090276738107358,3.0
E4A1G6T18,2726,7.0,0.0087525499588205,6.0
E4A1G6T19,2862,7.0,0.0093622153580357,4.0
E4A1G6T2,2712,7.0,0.0090530059051004,5.0
E4A1G6T20,2762,7.0,0.0088695926848238,7.0
E4A1G6T21,2647,7.0,0.008090049968927,9.0
E4A1G6T22,2570,7.0,0.0075903892694361,13.0
E4A1G6T23,2791,7.0,0.0093998251077423,3.0
E4A1G6T24,2753,7.0,0.0089061979014841,5.0
E4A1G6T25,2673,7.0,0.0086823601705146,3.0
E4A1G6T26,2658,7.0,0.0085733466110403,5.0
E4A1G6T27,2555,7.0,0.0076137838169646,8.0
E4A1G6T28,2593,7.0,0.0079361801894805,6.0
E4A1G6T29,2785,7.0,0.0094217658811211,3.0
E4A1G6T3,2567,7.0,0.0076099005390639,10.0
E4A1G6T30,2504,7.0,0.0068316065265512,15.0
E4A1G6T31,2777,7.0,0.0090589789429037,5.0
E4A1G6T32,2730,7.0,0.0087355075412435,3.0
E4A1G6T33,2781,7.0,0.009208959554785,3.0
E4A1G6T34,2375,7.0,0.0059304509003325,19.0
E4A1G6T35,2473,7.0,0.006969895204259,11.0
E4A1G6T36,2758,7.0,0.0091353186608257,3.0
E4A1G6T37,2611,7.0,0.0079913249669949,9.0
E4A1G6T38,2553,7.0,0.0076956480815756,11.0
E4A1G6T39,2625,7.0,0.0079399498869404,9.0
E4A1G6T4,2622,7.0,0.008025172175189,5.0
E4A1G6T40,2801,6.0,0.0093241853950742,3.0
E4A1G6T5,2750,7.0,0.0091761112269868,3.0
E4A1G6T6,2682,7.0,0.0083768088519665,5.0
E4A1G6T7,2634,7.0,0.008154920528362,8.0
E4A1G6T8,2592,7.0,0.0078387966040221,9.0
E4A1G6T9,2713,7.0,0.0087186574622062,5.0
E4A1G9T1,2720,7.0,0.0448023455097711,7.0
E4A1G9T10,2776,7.0,0.0461328575876865,5.0
E4A1G9T11,2609,7.0,0.0419139974354428,5.0
E4A1G9T12,2751,7.0,0.0463220737551004,4.0
E4A1G9T13,2642,7.0,0.0424424348964034,8.0
E4A1G9T14,2710,7.0,0.0446986916114271,7.0
E4A1G9T15,2631,7.0,0.0423000375773267,5.0
E4A1G9T16,2809,7.0,0.0484247702450292,5.0
E4A1G9T17,2804,7.0,0.0482856403910008,3.0
E4A1G9T18,2627,7.0,0.0422820225133875,8.0
E4A1G9T19,2810,7.0,0.0485523215958826,3.0
E4A1G9T2,2488,7.0,0.0388903073797871,9.0
E4A1G9T20,2799,7.0,0.0476304009831835,3.0
E4A1G9T21,2723,7.0,0.0449913165518015,3.0
E4A1G9T22,2760,7.0,0.0457300456008889,4.0
E4A1G9T23,2750,7.0,0.0473302502471055,3.0
E4A1G9T24,2776,7.0,0.0480352162355112,3.0
E4A1G9T25,2683,7.0,0.0440773688741789,3.0
E4A1G9T26,2842,7.0,0.0486114957067489,3.0
E4A1G9T27,2778,7.0,0.0469757919069166,4.0
E4A1G9T28,2551,7.0,0.0396688828184814,9.0
E4A1G9T29,2504,7.0,0.0387436237491062,11.0
E4A1G9T3,2686,7.0,0.0435707930530533,5.0
E4A1G9T30,2489,7.0,0.0371528928658906,13.0
E4A1G9T31,2797,7.0,0.0476759301181858,3.0
E4A1G9T32,2425,7.0,0.037620498501427,10.0
E4A1G9T33,2528,7.0,0.0387911029096595,13.0
E4A1G9T34,2172,7.0,0.028647620881902,20.0
E4A1G9T35,2631,7.0,0.0427779400965573,7.0
E4A1G9T36,2742,7.0,0.0461863867760595,3.0
E4A1G9T37,2433,7.0,0.0363785287822017,13.0
E4A1G9T38,2799,7.0,0.0473165986585996,3.0
E4A1G9T39,2777,7.0,0.0463957345266808,3.0
E4A1G9T4,2630,7.0,0.0423376312465349,5.0
E4A1G9T40,2647,7.0,0.042147725066896,9.0
E4A1G9T5,2543,7.0,0.0396112714706555,7.0
E4A1G9T6,2439,7.0,0.0367580843881233,14.0
E4A1G9T7,2407,7.0,0.0355972215227251,12.0
E4A1G9T8,2616,7.0,0.042211263531283,8.0
E4A1G9T9,2846,7.0,0.0488701786680168,3.0
E4A4G1T1,2653,7.0,9.751528820507212e-05,4.0
E4A4G1T10,2743,7.0,0.0001167608613605,4.0
E4A4G1T11,2627,7.0,9.85342592302952e-05,4.0
E4A4G1T12,2671,7.0,0.0001036204097931,4.0
E4A4G1T13,2748,7.0,0.0001115337712564,4.0
E4A4G1T14,2790,7.0,0.000121748488226,3.0
E4A4G1T15,2839,7.0,0.0001397269644973,3.0
E4A4G1T16,2734,7.0,0.0001211839441784,3.0
E4A4G1T17,2782,7.0,0.0001162845761918,3.0
E4A4G1T18,2678,7.0,0.0001085568466663,3.0
E4A4G1T19,2745,7.0,0.0001257171263588,3.0
E4A4G1T2,2642,7.0,9.912169174184008e-05,8.0
E4A4G1T20,2756,7.0,0.0001218752357925,3.0
E4A4G1T21,2805,7.0,0.0001174052541478,3.0
E4A4G1T22,2574,7.0,8.275778774417846e-05,9.0
E4A4G1T23,2779,7.0,0.000123648118764,3.0
E4A4G1T24,2599,7.0,9.494281783773162e-05,6.0
E4A4G1T25,2639,7.0,9.939292926434484e-05,4.0
E4A4G1T26,2786,7.0,0.0001248554774744,3.0
E4A4G1T27,2765,7.0,0.0001096501661019,6.0
E4A4G1T28,2639,7.0,9.566566431116902e-05,6.0
E4A4G1T29,2814,7.0,0.000134674954315,3.0
E4A4G1T3,2725,7.0,0.0001197974340141,3.0
E4A4G1T30,2765,7.0,0.0001198397842017,3.0
E4A4G1T31,2527,7.0,8.340720482958875e-05,9.0
E4A4G1T32,2630,7.0,0.000100623746235,5.0
E4A4G1T33,2328,7.0,5.426497708950946e-05,15.0
E4A4G1T34,2582,7.0,8.218152874213644e-05,10.0
E4A4G1T35,2758,7.0,0.0001153516971549,4.0
E4A4G1T36,2761,7.0,0.000117312207722,3.0
E4A4G1T37,2834,7.0,0.0001392091801148,3.0
E4A4G1T38,2866,7.0,0.0001321460808962,3.0
E4A4G1T39,2786,7.0,0.0001329059261222,3.0
E4A4G1T4,2708,7.0,0.000103466741329,7.0
E4A4G1T40,2618,7.0,9.938755916587974e-05,5.0
E4A4G1T5,2544,7.0,7.777735965006235e-05,10.0
E4A4G1T6,2754,7.0,0.0001193031440403,3.0
E4A4G1T7,2687,7.0,0.0001079792267135,4.0
E4A4G1T8,2567,7.0,8.473939070437898e-05,7.0
E4A4G1T9,2556,7.0,8.597406998770606e-05,9.0
E4A4G4T1,2708,7.0,0.0094390056268507,5.0
E4A4G4T10,2729,7.0,0.0091870811386389,3.0
E4A4G4T11,2796,7.0,0.0107512149199104,3.0
E4A4G4T12,2721,7.0,0.0091799980634497,5.0
E4A4G4T13,2692,7.0,0.009077873085611,3.0
E4A4G4T14,2527,7.0,0.0072423775748491,9.0
E4A4G4T15,2693,7.0,0.0089444501061161,5.0
E4A4G4T16,2410,7.0,0.0059377235334933,9.0
E4A4G4T17,2693,7.0,0.0089977508753466,3.0
E4A4G4T18,2642,7.0,0.0086844476970328,4.0
E4A4G4T19,2704,7.0,0.0093065020532178,3.0
E4A4G4T2,2635,7.0,0.0083895972160191,6.0
E4A4G4T20,2385,7.0,0.0052980878569033,13.0
E4A4G4T21,2806,7.0,0.0109987534457477,3.0
E4A4G4T22,2642,7.0,0.0093256435149758,4.0
E4A4G4T23,2496,7.0,0.0070585723134731,10.0
E4A4G4T24,2704,7.0,0.0093068737137478,4.0
E4A4G4T25,2751,7.0,0.0099717502138821,3.0
E4A4G4T26,2651,7.0,0.0092631955482369,4.0
E4A4G4T27,2507,7.0,0.0072912418022645,7.0
E4A4G4T28,2731,7.0,0.0102656888425963,3.0
E4A4G4T29,2624,7.0,0.0085360394377088,5.0
E4A4G4T3,2536,7.0,0.0074080581748437,5.0
E4A4G4T30,2417,7.0,0.0058874215310332,13.0
E4A4G4T31,2790,7.0,0.0100460046823603,4.0
E4A4G4T32,2679,7.0,0.0097541064547797,4.0
E4A4G4T33,2647,7.0,0.0088366532022186,5.0
E4A4G4T34,2677,7.0,0.0094877373135865,4.0
E4A4G4T35,2633,7.0,0.0081324817735,7.0
E4A4G4T36,2744,7.0,0.0098158810830229,3.0
E4A4G4T37,2693,7.0,0.0097880728576738,3.0
E4A4G4T38,2701,7.0,0.0090665609908131,4.0
E4A4G4T39,2803,7.0,0.0104447356657818,3.0
E4A4G4T4,2609,7.0,0.0083215455595603,6.0
E4A4G4T40,2598,7.0,0.0077929781184007,8.0
E4A4G4T5,2698,7.0,0.0094630728314146,4.0
E4A4G4T6,2631,7.0,0.0082963350859532,6.0
E4A4G4T7,2692,7.0,0.0094812768215511,4.0
E4A4G4T8,2677,7.0,0.0088255004613288,3.0
E4A4G4T9,2478,7.0,0.006448918333053,12.0
E4A4G6T1,2228,7.0,0.0210288116791665,19.0
E4A4G6T10,2586,7.0,0.035319088767797,5.0
E4A4G6T11,2574,7.0,0.034795238578543,5.0
E4A4G6T12,2707,7.0,0.0413182115338282,3.0
E4A4G6T13,2628,7.0,0.0372206006992025,3.0
E4A4G6T14,2630,7.0,0.037165949965558,4.0
E4A4G6T15,2501,7.0,0.0346965695139383,4.0
E4A4G6T16,2418,7.0,0.0293129216480829,10.0
E4A4G6T17,2414,7.0,0.0296982407198395,8.0
E4A4G6T18,2492,7.0,0.0326563318019228,4.0
E4A4G6T19,2484,7.0,0.0326860898237705,7.0
E4A4G6T2,2425,7.0,0.0315319762334255,10.0
E4A4G6T20,2483,7.0,0.0311803361846874,6.0
E4A4G6T21,2711,7.0,0.0400933139121713,3.0
E4A4G6T22,2638,7.0,0.0364657633499581,3.0
E4A4G6T23,2665,7.0,0.0368875276837094,6.0
E4A4G6T24,2718,7.0,0.0417938627497194,3.0
E4A4G6T25,2642,7.0,0.0408654741627159,3.0
E4A4G6T26,2581,7.0,0.0371121161538433,3.0
E4A4G6T27,2634,7.0,0.0368305086333298,4.0
E4A4G6T28,2587,7.0,0.0353935000242908,6.0
E4A4G6T29,2553,7.0,0.0356648842142184,4.0
E4A4G6T3,2559,7.0,0.0351213530244155,8.0
E4A4G6T30,2760,7.0,0.0416101052740952,3.0
E4A4G6T31,2507,7.0,0.0328404567971492,6.0
E4A4G6T32,2679,7.0,0.0407189964226799,3.0
E4A4G6T33,2576,7.0,0.0360831707150481,5.0
E4A4G6T34,2673,7.0,0.0386946572971423,6.0
E4A4G6T35,2664,7.0,0.0374695650892274,4.0
E4A4G6T36,2469,7.0,0.0286834807081326,12.0
E4A4G6T37,2531,7.0,0.0348446795170733,4.0
E4A4G6T38,2644,7.0,0.0386738261587388,3.0
E4A4G6T39,2508,7.0,0.0327268838301383,8.0
E4A4G6T4,2611,7.0,0.0373114987105117,3.0
E4A4G6T40,2276,7.0,0.023055931121331,14.0
E4A4G6T5,2432,7.0,0.0277404411999462,14.0
E4A4G6T6,2703,7.0,0.0413061727743631,3.0
E4A4G6T7,2031,7.0,0.0167394957220385,21.0
E4A4G6T8,2628,7.0,0.0384583688739268,3.0
E4A4G6T9,2548,7.0,0.0331667105011735,7.0
E4A4G9T1,2426,7.0,0.1922075097976144,3.0
E4A4G9T10,2341,7.0,0.1779504954488304,5.0
E4A4G9T11,2419,7.0,0.1808021042978939,6.0
E4A4G9T12,2502,7.0,0.196396369680133,3.0
E4A4G9T13,2439,7.0,0.1894193229646376,3.0
E4A4G9T14,2270,7.0,0.162771525907495,7.0
E4A4G9T15,2320,7.0,0.1749586607841214,7.0
E4A4G9T16,2304,7.0,0.1729986209619606,3.0
E4A4G9T17,2340,7.0,0.170605794905283,7.0
E4A4G9T18,2403,7.0,0.1864079950716402,4.0
E4A4G9T19,2338,7.0,0.1755171132903767,3.0
E4A4G9T2,2397,7.0,0.1822865915212191,3.0
E4A4G9T20,2231,7.0,0.1585103045334278,11.0
E4A4G9T21,2463,7.0,0.1864920305543108,4.0
E4A4G9T22,2114,8.0,0.1423713587308803,14.0
E4A4G9T23,1927,8.0,0.1168810074612832,21.0
E4A4G9T24,2392,7.0,0.1866280540110033,3.0
E4A4G9T25,2409,7.0,0.1852680091951892,3.0
E4A4G9T26,2435,7.0,0.1911878444313742,3.0
E4A4G9T27,2389,7.0,0.1849232659422676,4.0
E4A4G9T28,2408,7.0,0.1824059034520118,4.0
E4A4G9T29,2265,7.0,0.161565285918909,8.0
E4A4G9T3,2460,7.0,0.1870743427051774,3.0
E4A4G9T30,2220,7.0,0.1570892171460137,9.0
E4A4G9T31,2355,7.0,0.1765732856411457,5.0
E4A4G9T32,2326,7.0,0.1710437196877977,7.0
E4A4G9T33,2494,7.0,0.1913933175806184,5.0
E4A4G9T34,2425,8.0,0.1805456548878244,5.0
E4A4G9T35,2373,7.0,0.1775369210829079,5.0
E4A4G9T36,2256,7.0,0.1613903390616645,9.0
E4A4G9T37,2235,7.0,0.1633256494889944,6.0
E4A4G9T38,2374,7.0,0.1812133365435286,3.0
E4A4G9T39,2206,7.0,0.1578513908725152,6.0
E4A4G9T4,2486,7.0,0.1932599731064922,3.0
E4A4G9T40,2390,7.0,0.1829407279514805,4.0
E4A4G9T5,2236,7.0,0.1614397051104404,9.0
E4A4G9T6,2341,7.0,0.1759823309516532,3.0
E4A4G9T7,2405,7.0,0.1851583170927226,3.0
E4A4G9T8,2218,7.0,0.1606833980367444,8.0
E4A4G9T9,2387,7.0,0.1787247357959793,4.0
E4A6G1T1,2539,7.0,9.827708606784143e-05,11.0
E4A6G1T10,2779,7.0,0.0001939177485057,3.0
E4A6G1T11,2636,7.0,0.0001474722296798,6.0
E4A6G1T12,2613,7.0,0.0001276244733713,5.0
E4A6G1T13,2747,7.0,0.0001695998489374,3.0
E4A6G1T14,2665,7.0,0.0001719805171709,3.0
E4A6G1T15,2667,7.0,0.0001616562429605,3.0
E4A6G1T16,2789,7.0,0.0001947851702288,3.0
E4A6G1T17,2542,7.0,0.000102052180158,8.0
E4A6G1T18,2706,7.0,0.0001607645155839,5.0
E4A6G1T19,2585,7.0,0.0001076203536642,7.0
E4A6G1T2,2372,7.0,5.444040002493373e-05,15.0
E4A6G1T20,2632,7.0,0.0001229107877365,3.0
E4A6G1T21,2669,7.0,0.0001655156070848,3.0
E4A6G1T22,2756,7.0,0.0001956956728638,3.0
E4A6G1T23,2594,7.0,0.0001319832739499,4.0
E4A6G1T24,2597,7.0,0.0001220657068178,4.0
E4A6G1T25,2340,7.0,3.55810015363912e-05,17.0
E4A6G1T26,2794,7.0,0.0002024882552984,4.0
E4A6G1T27,2790,7.0,0.0001957715564739,3.0
E4A6G1T28,2630,7.0,0.000122647507635,7.0
E4A6G1T29,2603,7.0,0.000132093077878,3.0
E4A6G1T3,2570,7.0,0.0001201344117906,8.0
E4A6G1T30,2730,7.0,0.0001880030999438,4.0
E4A6G1T31,2657,7.0,0.0001519738104393,4.0
E4A6G1T32,2412,7.0,6.737191106671872e-05,9.0
E4A6G1T33,2617,7.0,0.0001435945073421,6.0
E4A6G1T34,2560,7.0,0.0001231238345488,7.0
E4A6G1T35,2633,7.0,0.0001527230786966,4.0
E4A6G1T36,2792,7.0,0.0001891894270676,3.0
E4A6G1T37,2713,7.0,0.0001720559590821,3.0
E4A6G1T38,2723,7.0,0.0001765788937182,4.0
E4A6G1T39,2698,7.0,0.0001621139617555,3.0
E4A6G1T4,2604,7.0,0.000133901614782,7.0
E4A6G1T40,2564,7.0,0.000106983343583,9.0
E4A6G1T5,2586,7.0,0.0001150377698201,7.0
E4A6G1T6,2641,7.0,0.0001321242053039,6.0
E4A6G1T7,2654,7.0,0.0001521368172798,4.0
E4A6G1T8,2728,7.0,0.0001711386164985,3.0
E4A6G1T9,2770,7.0,0.0001959819265814,3.0
E4A6G4T1,2612,7.0,0.0124319247686932,5.0
E4A6G4T10,2632,7.0,0.013412868225354,3.0
E4A6G4T11,2493,7.0,0.010012054538594,6.0
E4A6G4T12,2581,7.0,0.0126856848289626,3.0
E4A6G4T13,2503,7.0,0.0113265608584534,4.0
E4A6G4T14,2512,7.0,0.0107145596591591,4.0
E4A6G4T15,2509,7.0,0.0107054707136866,3.0
E4A6G4T16,2543,7.0,0.0119525975967623,3.0
E4A6G4T17,2497,7.0,0.0105697839569663,3.0
E4A6G4T18,2600,7.0,0.0130333495374053,3.0
E4A6G4T19,2582,7.0,0.0132276422743344,3.0
E4A6G4T2,2497,7.0,0.0107054208054522,4.0
E4A6G4T20,2535,7.0,0.0109236333281458,3.0
E4A6G4T21,2442,7.0,0.0104244228313542,3.0
E4A6G4T22,2492,7.0,0.0108319951210313,5.0
E4A6G4T23,2430,7.0,0.0099258141334159,4.0
E4A6G4T24,2772,7.0,0.0163732461921752,3.0
E4A6G4T25,2453,7.0,0.0102269213388502,6.0
E4A6G4T26,2477,7.0,0.010901599508773,5.0
E4A6G4T27,2600,7.0,0.0127746842004396,3.0
E4A6G4T28,2497,7.0,0.011071221791679,3.0
E4A6G4T29,2601,7.0,0.0131697178996117,3.0
E4A6G4T3,2595,7.0,0.0128121584548332,3.0
E4A6G4T30,2481,7.0,0.00975838045428,6.0
E4A6G4T31,2474,7.0,0.010587001033609,5.0
E4A6G4T32,2470,7.0,0.0103925234347816,4.0
E4A6G4T33,2257,7.0,0.0074511364470988,9.0
E4A6G4T34,2596,7.0,0.0126792623265719,3.0
E4A6G4T35,2419,7.0,0.0100733226414403,7.0
E4A6G4T36,2379,7.0,0.0085345288997159,7.0
E4A6G4T37,2506,7.0,0.0117078117347454,3.0
E4A6G4T38,2527,7.0,0.0111848853144671,4.0
E4A6G4T39,2377,7.0,0.00836307825136,12.0
E4A6G4T4,2569,7.0,0.0123582849122759,3.0
E4A6G4T40,2489,7.0,0.0112985855550903,3.0
E4A6G4T5,2683,7.0,0.0150250560103796,3.0
E4A6G4T6,2545,7.0,0.0106966696370729,5.0
E4A6G4T7,2366,7.0,0.0085124971669514,10.0
E4A6G4T8,2242,7.0,0.0061744976875954,14.0
E4A6G4T9,2641,7.0,0.0140175981400638,3.0
E4A6G6T1,2344,7.0,0.0450325636696681,8.0
E4A6G6T10,2509,7.0,0.053861430449795,4.0
E4A6G6T11,2454,7.0,0.0514840411918334,3.0
E4A6G6T12,2541,7.0,0.0566093642291686,3.0
E4A6G6T13,2292,7.0,0.0408015420778708,7.0
E4A6G6T14,2446,7.0,0.0492494167871886,5.0
E4A6G6T15,2315,7.0,0.0454955017608434,3.0
E4A6G6T16,2452,7.0,0.0535824337670769,4.0
E4A6G6T17,2261,7.0,0.0363935746147326,12.0
E4A6G6T18,2287,7.0,0.0419741492469842,6.0
E4A6G6T19,2305,7.0,0.0427781269867859,8.0
E4A6G6T2,2426,7.0,0.0523692648220828,3.0
E4A6G6T20,2387,7.0,0.0460519948264376,7.0
E4A6G6T21,2389,7.0,0.0472600478266764,5.0
E4A6G6T22,2369,7.0,0.0429496723170019,8.0
E4A6G6T23,2358,7.0,0.0454554467643874,5.0
E4A6G6T24,2495,7.0,0.0549763132779982,3.0
E4A6G6T25,2519,7.0,0.0565021016542243,3.0
E4A6G6T26,2424,7.0,0.0511392976063452,4.0
E4A6G6T27,2193,7.0,0.0333050994837513,11.0
E4A6G6T28,2569,7.0,0.0574983115616008,3.0
E4A6G6T29,2422,7.0,0.0530449146135303,3.0
E4A6G6T3,2414,7.0,0.0505341261994563,3.0
E4A6G6T30,2394,7.0,0.0509685626851456,4.0
E4A6G6T31,2324,7.0,0.0451982922091867,3.0
E4A6G6T32,2428,7.0,0.0492459380499085,5.0
E4A6G6T33,2437,7.0,0.0511241423933813,3.0
E4A6G6T34,2462,7.0,0.0506136151227237,3.0
E4A6G6T35,2394,7.0,0.0483072005106911,3.0
E4A6G6T36,2311,7.0,0.0426152107647669,6.0
E4A6G6T37,2346,7.0,0.0434620264455745,6.0
E4A6G6T38,2304,7.0,0.0402773731615025,9.0
E4A6G6T39,2467,7.0,0.052173405708316,3.0
E4A6G6T4,2495,7.0,0.0561827098357354,7.0
E4A6G6T40,2441,7.0,0.0488519075629965,5.0
E4A6G6T5,2420,7.0,0.0495423443245561,4.0
E4A6G6T6,2435,7.0,0.0511821042220247,4.0
E4A6G6T7,2439,7.0,0.0496069170454655,4.0
E4A6G6T8,2441,7.0,0.0464260331993185,6.0
E4A6G6T9,2399,7.0,0.0475757241143406,3.0
E4A6G9T1,2028,8.0,0.251082477565431,4.0
E4A6G9T10,1998,8.0,0.2510830429966414,3.0
E4A6G9T11,2031,8.0,0.2465767917327408,4.0
E4A6G9T12,1993,8.0,0.241668575977316,4.0
E4A6G9T13,1802,8.0,0.1898521634598027,13.0
E4A6G9T14,1700,8.0,0.1570419359757647,21.0
E4A6G9T15,2146,8.0,0.2673994319287113,4.0
E4A6G9T16,2010,8.0,0.243229655866555,5.0
E4A6G9T17,1954,8.0,0.2289861220636347,5.0
E4A6G9T18,1853,8.0,0.1932437026228499,15.0
E4A6G9T19,1809,8.0,0.1970742370944106,10.0
E4A6G9T2,1952,8.0,0.2237141472849738,10.0
E4A6G9T20,2006,8.0,0.232348763221482,7.0
E4A6G9T21,2064,8.0,0.2533630185453726,5.0
E4A6G9T22,2000,8.0,0.2437366580922691,6.0
E4A6G9T23,2093,8.0,0.2607797304706417,3.0
E4A6G9T24,1871,8.0,0.2076427819326993,8.0
E4A6G9T25,2072,8.0,0.2506867506088066,6.0
E4A6G9T26,1986,8.0,0.2456217985422551,3.0
E4A6G9T27,2089,8.0,0.256179469798017,3.0
E4A6G9T28,1987,8.0,0.2301950327089218,4.0
E4A6G9T29,2073,8.0,0.2583015382730583,3.0
E4A6G9T3,1989,8.0,0.2419312149289094,5.0
E4A6G9T30,1951,8.0,0.2318012696070131,3.0
E4A6G9T31,1805,8.0,0.1882355750254516,10.0
E4A6G9T32,1908,8.0,0.2202614048140998,7.0
E4A6G9T33,1940,8.0,0.2304247893313895,5.0
E4A6G9T34,1856,8.0,0.2029528761750382,10.0
E4A6G9T35,1930,8.0,0.2166766314842654,9.0
E4A6G9T36,2071,8.0,0.261265939980005,3.0
E4A6G9T37,2052,8.0,0.2446209747836545,4.0
E4A6G9T38,2105,8.0,0.2614508410315644,4.0
E4A6G9T39,1833,8.0,0.2024475770985473,11.0
E4A6G9T4,2013,8.0,0.2372045423717739,5.0
E4A6G9T40,2010,8.0,0.2417793512612027,5.0
E4A6G9T5,1822,8.0,0.1908473776545986,14.0
E4A6G9T6,2016,8.0,0.2385324915182241,6.0
E4A6G9T7,2053,8.0,0.2501660959961876,5.0
E4A6G9T8,1934,8.0,0.2154761536040948,10.0
E4A6G9T9,1891,8.0,0.2145149201868996,10.0
E4A9G1T1,2175,7.0,1.436815462202169e-05,14.0
E4A9G1T10,2445,7.0,7.220132325405381e-05,5.0
E4A9G1T11,2409,7.0,6.5877361444848e-05,6.0
E4A9G1T12,2594,7.0,8.218046029120164e-05,3.0
E4A9G1T13,2514,7.0,7.829300828365588e-05,3.0
E4A9G1T14,2540,7.0,8.070986564563654e-05,3.0
E4A9G1T15,2322,7.0,3.574303921142497e-05,6.0
E4A9G1T16,2487,7.0,7.817115374523725e-05,3.0
E4A9G1T17,2408,7.0,6.660119103198244e-05,4.0
E4A9G1T18,2350,7.0,2.660802030135016e-05,7.0
E4A9G1T19,2372,7.0,6.571471164018758e-05,5.0
E4A9G1T2,2437,7.0,4.041856900376087e-05,3.0
E4A9G1T20,2475,7.0,7.394707817434364e-05,4.0
E4A9G1T21,2380,7.0,4.1020118934792215e-05,8.0
E4A9G1T22,2363,7.0,4.002184524338723e-05,5.0
E4A9G1T23,2485,7.0,7.719052484434072e-05,3.0
E4A9G1T24,2475,7.0,7.567740306953246e-05,3.0
E4A9G1T25,2284,7.0,2.212485696446624e-05,8.0
E4A9G1T26,2393,7.0,6.567598590074089e-05,5.0
E4A9G1T27,2167,7.0,1.5324114532040615e-05,10.0
E4A9G1T28,2237,7.0,1.992807203596729e-05,11.0
E4A9G1T29,2439,7.0,6.707129055275085e-05,4.0
E4A9G1T3,2395,7.0,3.848763640617915e-05,8.0
E4A9G1T30,2449,7.0,6.352541709037497e-05,5.0
E4A9G1T31,2382,7.0,6.040383685613578e-05,7.0
E4A9G1T32,2457,7.0,7.19692582758649e-05,4.0
E4A9G1T33,2576,7.0,8.134771283381545e-05,3.0
E4A9G1T34,2538,7.0,8.011325105081171e-05,5.0
E4A9G1T35,2559,7.0,8.03716381502074e-05,3.0
E4A9G1T36,2223,7.0,1.494236602054012e-05,14.0
E4A9G1T37,2377,7.0,2.999952139118648e-05,8.0
E4A9G1T38,2430,7.0,6.704206779800041e-05,7.0
E4A9G1T39,2503,7.0,7.500274108051432e-05,3.0
E4A9G1T4,2404,7.0,6.521480205947785e-05,5.0
E4A9G1T40,2410,7.0,6.809031382426351e-05,4.0
E4A9G1T5,2529,7.0,7.924620551774461e-05,3.0
E4A9G1T6,2282,7.0,2.595026716671918e-05,8.0
E4A9G1T7,2383,7.0,6.55693682867675e-05,5.0
E4A9G1T8,2417,7.0,7.241964076934465e-05,4.0
E4A9G1T9,2214,7.0,1.82806075657546e-05,10.0
E4A9G4T1,2148,8.0,0.0079097352667875,4.0
E4A9G4T10,1929,8.0,0.0052969635139952,6.0
E4A9G4T11,1944,8.0,0.0047477692360887,8.0
E4A9G4T12,1915,8.0,0.004705257276788,8.0
E4A9G4T13,2072,8.0,0.0073656329488463,3.0
E4A9G4T14,2070,8.0,0.0070250422613163,4.0
E4A9G4T15,2095,8.0,0.0074479046669749,3.0
E4A9G4T16,1992,8.0,0.0058277106886979,4.0
E4A9G4T17,1839,8.0,0.0030733860603587,13.0
E4A9G4T18,2052,8.0,0.0067566360125631,5.0
E4A9G4T19,1948,8.0,0.0052320179510098,6.0
E4A9G4T2,2112,8.0,0.0075854057119113,3.0
E4A9G4T20,1880,8.0,0.0035496683582162,13.0
E4A9G4T21,2050,8.0,0.0069215038626843,3.0
E4A9G4T22,2077,8.0,0.0077872030247546,3.0
E4A9G4T23,2180,8.0,0.0083588777972315,3.0
E4A9G4T24,2084,8.0,0.0067433013011745,3.0
E4A9G4T25,2027,8.0,0.0054884148188462,6.0
E4A9G4T26,2082,7.0,0.006892578342407,3.0
E4A9G4T27,2109,8.0,0.0076690832820659,4.0
E4A9G4T28,1924,8.0,0.0043206988089791,8.0
E4A9G4T29,1674,8.0,0.0018998145054075,20.0
E4A9G4T3,1934,8.0,0.0043098879734035,10.0
E4A9G4T30,2194,8.0,0.0085299416055127,3.0
E4A9G4T31,1876,8.0,0.0036945611522813,9.0
E4A9G4T32,2063,8.0,0.0065435899695395,4.0
E4A9G4T33,2070,8.0,0.006406139644716,7.0
E4A9G4T34,2062,8.0,0.0063443029146423,4.0
E4A9G4T35,2203,8.0,0.0078367641600466,4.0
E4A9G4T36,1927,8.0,0.0048228383908529,9.0
E4A9G4T37,2086,7.0,0.0075009088236382,3.0
E4A9G4T38,1982,8.0,0.0061185567626157,5.0
E4A9G4T39,2130,8.0,0.0076427175327229,3.0
E4A9G4T4,1982,8.0,0.0063400595390322,4.0
E4A9G4T40,2120,8.0,0.0072886573542964,3.0
E4A9G4T5,1803,8.0,0.0025652770989502,13.0
E4A9G4T6,1975,8.0,0.0055420496342501,7.0
E4A9G4T7,2118,8.0,0.0069046584761747,3.0
E4A9G4T8,2005,8.0,0.0061607646222419,4.0
E4A9G4T9,1969,8.0,0.0054139872041329,7.0
E4A9G6T1,1817,8.0,0.0292280866742267,8.0
E4A9G6T10,1623,8.0,0.0174800811526922,16.0
E4A9G6T11,1889,8.0,0.0349239847747959,5.0
E4A9G6T12,1696,8.0,0.0191926321743717,12.0
E4A9G6T13,1945,8.0,0.0430297155074086,3.0
E4A9G6T14,1802,8.0,0.0285796211290222,10.0
E4A9G6T15,1850,8.0,0.0331522469510683,8.0
E4A9G6T16,1869,8.0,0.0392432921467191,5.0
E4A9G6T17,1868,8.0,0.0357367261110854,6.0
E4A9G6T18,1771,8.0,0.0284639809584799,6.0
E4A9G6T19,1923,8.0,0.0420360570060585,4.0
E4A9G6T2,1838,8.0,0.0356066466698519,3.0
E4A9G6T20,1772,8.0,0.0301035525538565,7.0
E4A9G6T21,1960,8.0,0.0412444606838224,3.0
E4A9G6T22,1926,8.0,0.0413988264220988,3.0
E4A9G6T23,1915,8.0,0.0392612297027685,4.0
E4A9G6T24,1543,8.0,0.0131411425794626,18.0
E4A9G6T25,1799,8.0,0.0274860208708161,7.0
E4A9G6T26,1759,8.0,0.0272268377269599,8.0
E4A9G6T27,1829,8.0,0.0310182799163237,6.0
E4A9G6T28,1578,8.0,0.0156061042312777,16.0
E4A9G6T29,1735,8.0,0.0277784954398406,9.0
E4A9G6T3,1949,8.0,0.0419337746714562,3.0
E4A9G6T30,1889,8.0,0.0334862134293231,7.0
E4A9G6T31,1908,8.0,0.042282974460146,3.0
E4A9G6T32,1865,8.0,0.0379246635227712,4.0
E4A9G6T33,1727,8.0,0.023320435711747,11.0
E4A9G6T34,1767,8.0,0.0270311325692089,6.0
E4A9G6T35,1948,8.0,0.0419577826579047,3.0
E4A9G6T36,1844,8.0,0.0347138775529997,6.0
E4A9G6T37,1696,8.0,0.0208426961920356,11.0
E4A9G6T38,1807,8.0,0.0279351518613334,10.0
E4A9G6T39,1915,8.0,0.0392715560737779,4.0
E4A9G6T4,1860,8.0,0.0351322205696778,4.0
E4A9G6T40,1926,8.0,0.0413886928565153,4.0
E4A9G6T5,1842,8.0,0.0347368583965626,4.0
E4A9G6T6,1942,8.0,0.0398850847580216,3.0
E4A9G6T7,1880,8.0,0.039720928195399,3.0
E4A9G6T8,1915,8.0,0.0417820245031299,3.0
E4A9G6T9,1891,8.0,0.0406186012345294,4.0
E4A9G9T1,1592,8.0,0.3175262131153268,3.0
E4A9G9T10,1309,9.0,0.1585593313780011,14.0
E4A9G9T11,1477,8.0,0.2529696379729931,5.0
E4A9G9T12,1480,9.0,0.2301142483341811,7.0
E4A9G9T13,1384,8.0,0.2063901477261391,6.0
E4A9G9T14,1460,8.0,0.244664027987457,3.0
E4A9G9T15,1560,9.0,0.292716710308913,4.0
E4A9G9T16,1458,8.0,0.2308753744280272,3.0
E4A9G9T17,1486,8.0,0.2576661650775085,3.0
E4A9G9T18,1276,9.0,0.1282812908754238,17.0
E4A9G9T19,1565,8.0,0.283420432202788,4.0
E4A9G9T2,1499,8.0,0.2631325032696937,5.0
E4A9G9T20,1481,8.0,0.2508099010464079,3.0
E4A9G9T21,1432,8.0,0.2220237714644614,6.0
E4A9G9T22,1504,8.0,0.231026499859332,4.0
E4A9G9T23,1439,8.0,0.219743530348908,6.0
E4A9G9T24,1434,9.0,0.2198613071077207,6.0
E4A9G9T25,1546,8.0,0.2843767451560799,5.0
E4A9G9T26,1533,8.0,0.2644947144397461,3.0
E4A9G9T27,1394,9.0,0.1936952120089274,10.0
E4A9G9T28,1347,8.0,0.1789209169100589,9.0
E4A9G9T29,1503,8.0,0.2422986739810324,7.0
E4A9G9T3,1399,8.0,0.2098643003575671,6.0
E4A9G9T30,1435,9.0,0.2177510345964053,8.0
E4A9G9T31,1307,9.0,0.1601402949748296,13.0
E4A9G9T32,1425,8.0,0.2452962548429741,4.0
E4A9G9T33,1374,9.0,0.1767617800227326,11.0
E4A9G9T34,1528,8.0,0.2563502061549411,3.0
E4A9G9T35,1420,9.0,0.2189371672261541,5.0
E4A9G9T36,1507,9.0,0.260265832916479,5.0
E4A9G9T37,1530,8.0,0.2618396760431408,6.0
E4A9G9T38,1472,9.0,0.2389354750005841,3.0
E4A9G9T39,1403,8.0,0.2159749092843811,4.0
E4A9G9T4,1499,8.0,0.2617073116991538,3.0
E4A9G9T40,1460,9.0,0.2226848936623131,5.0
E4A9G9T5,1500,8.0,0.2543658830892172,4.0
E4A9G9T6,1474,9.0,0.2285531166043983,8.0
E4A9G9T7,1474,8.0,0.2499148189147098,4.0
E4A9G9T8,1439,8.0,0.2391890610530295,4.0
E4A9G9T9,1506,8.0,0.2510441344920681,4.0
E6A1G1T1,4351,7.0,0.0005246383680914,18.0
E6A1G1T10,3736,8.0,4.3940241632246495e-05,30.0
E6A1G1T11,4962,7.0,0.0016119973504776,4.0
E6A1G1T12,4244,7.0,0.0004937887348636,20.0
E6A1G1T13,4653,7.0,0.0007352937140115,13.0
E6A1G1T14,3951,8.0,5.232148014429827e-05,23.0
E6A1G1T15,4011,7.0,6.59192602512948e-05,22.0
E6A1G1T16,4120,7.0,0.0004360920224568,23.0
E6A1G1T17,4744,7.0,0.0009899770022876,8.0
E6A1G1T18,4852,7.0,0.0014240769955295,6.0
E6A1G1T19,4732,7.0,0.0010291380517213,10.0
E6A1G1T2,4934,7.0,0.0014412378160195,8.0
E6A1G1T20,5100,7.0,0.0018277059257732,5.0
E6A1G1T21,5217,7.0,0.0019232366442584,3.0
E6A1G1T22,4327,7.0,0.0005324611176826,19.0
E6A1G1T23,4735,7.0,0.0009527401870007,12.0
E6A1G1T24,5202,7.0,0.0017686608628207,3.0
E6A1G1T25,3554,8.0,3.4704268734432146e-05,34.0
E6A1G1T26,3434,8.0,2.7895032908468976e-05,35.0
E6A1G1T27,4931,7.0,0.001568833719456,8.0
E6A1G1T28,4570,7.0,0.000621828989701,14.0
E6A1G1T29,3256,8.0,3.3560260122102717e-06,39.0
E6A1G1T3,5157,7.0,0.0020237871497722,3.0
E6A1G1T30,4515,7.0,0.000578196295614,16.0
E6A1G1T31,4194,7.0,0.0004926875939923,21.0
E6A1G1T32,4598,7.0,0.0006581273840334,13.0
E6A1G1T33,4105,7.0,0.0004495636774586,20.0
E6A1G1T34,4143,7.0,0.0004096428027659,21.0
E6A1G1T35,5260,7.0,0.0020442552224797,3.0
E6A1G1T36,4763,7.0,0.0010367121470264,10.0
E6A1G1T37,4294,7.0,0.0005099682295813,19.0
E6A1G1T38,4919,7.0,0.0015461791231046,5.0
E6A1G1T39,5114,7.0,0.0019026960160198,4.0
E6A1G1T4,3550,8.0,3.514228002102382e-05,30.0
E6A1G1T40,4444,7.0,0.0005571345859531,18.0
E6A1G1T5,4705,7.0,0.0008938246787784,12.0
E6A1G1T6,1917,11.0,0.0,64.0
E6A1G1T7,4641,7.0,0.0006977358737894,10.0
E6A1G1T8,4650,7.0,0.0007489071839006,12.0
E6A1G1T9,4086,7.0,8.457112136539793e-05,22.0
E6A1G4T1,4961,7.0,0.0118136760936839,8.0
E6A1G4T10,1595,12.0,0.0,71.0
E6A1G4T11,4708,7.0,0.011336965671536,11.0
E6A1G4T12,4557,7.0,0.0105498308678778,14.0
E6A1G4T13,4615,7.0,0.0109134951049881,13.0
E6A1G4T14,3722,8.0,0.0033657554225173,29.0
E6A1G4T15,5057,7.0,0.0121658915112139,4.0
E6A1G4T16,4486,7.0,0.0104788612469437,14.0
E6A1G4T17,4780,7.0,0.0114975818859202,8.0
E6A1G4T18,3219,8.0,0.001048332836194,36.0
E6A1G4T19,5160,7.0,0.0122637642901766,4.0
E6A1G4T2,3850,8.0,0.003724327951525,27.0
E6A1G4T20,4651,7.0,0.0111639603472731,13.0
E6A1G4T21,4918,7.0,0.0117493838625477,5.0
E6A1G4T22,4159,7.0,0.0086773415222818,18.0
E6A1G4T23,4327,7.0,0.0096543348103916,16.0
E6A1G4T24,4037,7.0,0.0048344651240591,24.0
E6A1G4T25,4912,7.0,0.0116217323698764,4.0
E6A1G4T26,4398,7.0,0.0100522885962212,18.0
E6A1G4T27,3951,7.0,0.0054689906391579,24.0
E6A1G4T28,2032,10.0,0.0,59.0
E6A1G4T29,5126,7.0,0.0122440747476909,5.0
E6A1G4T3,4839,7.0,0.0115576864472759,6.0
E6A1G4T30,5077,7.0,0.0120226032651074,3.0
E6A1G4T31,3226,8.0,0.001042094306163,39.0
E6A1G4T32,5148,7.0,0.0124571718471545,4.0
E6A1G4T33,4801,7.0,0.0113422001958095,7.0
E6A1G4T34,5110,7.0,0.0120294755150341,6.0
E6A1G4T35,4355,7.0,0.0099495529569239,17.0
E6A1G4T36,4499,7.0,0.0104462080607498,13.0
E6A1G4T37,5098,7.0,0.0120982922628253,7.0
E6A1G4T38,4760,7.0,0.0111130021722661,11.0
E6A1G4T39,4772,7.0,0.0112706261584749,9.0
E6A1G4T4,4531,7.0,0.0105580866445171,16.0
E6A1G4T40,4027,7.0,0.0057340062647119,22.0
E6A1G4T5,4715,7.0,0.0114553886989959,11.0
E6A1G4T6,4739,7.0,0.011181395229518,9.0
E6A1G4T7,5171,7.0,0.0123216401193254,3.0
E6A1G4T8,5148,7.0,0.0122709978651383,4.0
E6A1G4T9,3440,8.0,0.0017613858015323,33.0
E6A1G6T1,5236,7.0,0.0242660456179273,3.0
E6A1G6T10,2264,10.0,0.0,57.0
E6A1G6T11,4014,7.0,0.0172660161433099,24.0
E6A1G6T12,5012,7.0,0.023520561769127,3.0
E6A1G6T13,2881,9.0,0.0023766006213934,44.0
E6A1G6T14,4850,7.0,0.022470201183977,8.0
E6A1G6T15,4652,7.0,0.0220653992107595,14.0
E6A1G6T16,4456,7.0,0.0210018219855409,15.0
E6A1G6T17,4358,7.0,0.0215652569308476,19.0
E6A1G6T18,4620,7.0,0.02213726057416,14.0
E6A1G6T19,4848,7.0,0.0234281269561402,8.0
E6A1G6T2,4119,7.0,0.0196973501343709,23.0
E6A1G6T20,3339,8.0,0.0077485454096866,36.0
E6A1G6T21,5028,7.0,0.0241115447322678,5.0
E6A1G6T22,4853,7.0,0.0233180215831908,8.0
E6A1G6T23,3225,8.0,0.0064967233909471,38.0
E6A1G6T24,5345,7.0,0.0242602963254566,3.0
E6A1G6T25,4420,7.0,0.021365752850387,15.0
E6A1G6T26,3703,8.0,0.0127979619357106,30.0
E6A1G6T27,3657,8.0,0.012017355628891,30.0
E6A1G6T28,5092,7.0,0.0239391910216064,5.0
E6A1G6T29,4905,7.0,0.0232400211437022,6.0
E6A1G6T3,3613,8.0,0.0123979571008359,33.0
E6A1G6T30,4779,7.0,0.0228061973468359,10.0
E6A1G6T31,4438,7.0,0.0211766786087558,17.0
E6A1G6T32,5069,7.0,0.0233781456461468,5.0
E6A1G6T33,5090,7.0,0.023666339535954,5.0
E6A1G6T34,3892,8.0,0.0150781893147327,28.0
E6A1G6T35,4839,7.0,0.0232330744221212,6.0
E6A1G6T36,5128,7.0,0.0235384846554367,4.0
E6A1G6T37,4687,7.0,0.0233495025043744,10.0
E6A1G6T38,4490,7.0,0.0219978182820078,14.0
E6A1G6T39,5115,7.0,0.0236262211290074,4.0
E6A1G6T4,4797,7.0,0.0230818440222035,6.0
E6A1G6T40,4804,7.0,0.0229334529431175,10.0
E6A1G6T5,4560,7.0,0.0216626953448296,13.0
E6A1G6T6,5169,7.0,0.0241924741251152,3.0
E6A1G6T7,4186,7.0,0.0198068139680734,22.0
E6A1G6T8,5004,7.0,0.0233331288824872,4.0
E6A1G6T9,3614,8.0,0.0118457907395445,30.0
E6A1G9T1,4908,7.0,0.0491363618980593,7.0
E6A1G9T10,4614,7.0,0.0478583339101953,12.0
E6A1G9T11,4469,7.0,0.046674225692794,16.0
E6A1G9T12,5207,7.0,0.0498677216249405,3.0
E6A1G9T13,4428,7.0,0.0462948129694413,16.0
E6A1G9T14,3779,8.0,0.0426295591938636,26.0
E6A1G9T15,5163,7.0,0.0497004913638849,3.0
E6A1G9T16,2674,9.0,0.0143850752676994,47.0
E6A1G9T17,4592,7.0,0.0478058278480229,11.0
E6A1G9T18,5183,7.0,0.0498276501537639,3.0
E6A1G9T19,4774,7.0,0.0483061266391295,10.0
E6A1G9T2,4410,7.0,0.046728527191885,17.0
E6A1G9T20,3515,8.0,0.0404408997075328,34.0
E6A1G9T21,4780,7.0,0.0482396012474544,9.0
E6A1G9T22,5158,7.0,0.050996077210562,3.0
E6A1G9T23,4491,7.0,0.0465911557754425,14.0
E6A1G9T24,4123,7.0,0.0454417665697258,21.0
E6A1G9T25,2870,9.0,0.0253851186496212,47.0
E6A1G9T26,4286,7.0,0.0460226813433746,15.0
E6A1G9T27,4802,7.0,0.0485105285087576,6.0
E6A1G9T28,4431,7.0,0.046251144719837,16.0
E6A1G9T29,2386,10.0,0.0,52.0
E6A1G9T3,3265,8.0,0.0383504699079495,38.0
E6A1G9T30,2678,9.0,0.0210350542103624,46.0
E6A1G9T31,4114,8.0,0.0447931329901705,22.0
E6A1G9T32,3613,8.0,0.0420202300389612,31.0
E6A1G9T33,4396,7.0,0.0461110863240403,17.0
E6A1G9T34,4847,7.0,0.0487971541675256,6.0
E6A1G9T35,3561,8.0,0.0410048447503851,31.0
E6A1G9T36,4740,7.0,0.0487461031885177,9.0
E6A1G9T37,4918,7.0,0.0495533457536788,7.0
E6A1G9T38,4312,7.0,0.046692992706844,17.0
E6A1G9T39,4636,7.0,0.0470753462172478,13.0
E6A1G9T4,3268,8.0,0.0377992674211775,38.0
E6A1G9T40,3928,8.0,0.0437437470737279,24.0
E6A1G9T5,4966,7.0,0.0499653637476526,3.0
E6A1G9T6,3291,8.0,0.0388074355028197,37.0
E6A1G9T7,2343,10.0,0.0,55.0
E6A1G9T8,2537,9.0,0.0,51.0
E6A1G9T9,1948,11.0,0.0,63.0
E6A4G1T1,3820,8.0,0.0002172470981963,27.0
E6A4G1T10,3561,8.0,0.0001373031253224,31.0
E6A4G1T11,4266,7.0,0.0015388942266547,19.0
E6A4G1T12,3082,8.0,2.6203723711062063e-06,40.0
E6A4G1T13,4373,7.0,0.0017033868059391,15.0
E6A4G1T14,5023,7.0,0.0029650176184266,6.0
E6A4G1T15,5171,7.0,0.0033416555721344,3.0
E6A4G1T16,4579,7.0,0.00227286974164,12.0
E6A4G1T17,4800,7.0,0.0027285793372737,9.0
E6A4G1T18,4754,7.0,0.0026543940643752,11.0
E6A4G1T19,3677,8.0,0.0001671267243945,28.0
E6A4G1T2,4971,7.0,0.0030721024261385,6.0
E6A4G1T20,5069,7.0,0.0031781942202664,3.0
E6A4G1T21,4581,7.0,0.0021702828893383,12.0
E6A4G1T22,4649,7.0,0.0024028105849972,12.0
E6A4G1T23,5025,7.0,0.003044347185472,4.0
E6A4G1T24,4668,7.0,0.0026143944817898,13.0
E6A4G1T25,4970,7.0,0.0029859056331327,3.0
E6A4G1T26,4443,7.0,0.0018856516688594,17.0
E6A4G1T27,4544,7.0,0.0021090418487445,15.0
E6A4G1T28,4598,7.0,0.0022326459263217,10.0
E6A4G1T29,4599,7.0,0.0023476963677542,13.0
E6A4G1T3,4263,7.0,0.0015672598142609,17.0
E6A4G1T30,4243,7.0,0.0012617464570902,21.0
E6A4G1T31,5018,7.0,0.003114708692326,5.0
E6A4G1T32,3680,8.0,0.0001791880776904,29.0
E6A4G1T33,4051,7.0,0.0003546286232751,23.0
E6A4G1T34,5145,7.0,0.0032781599043897,3.0
E6A4G1T35,4601,7.0,0.002178140936522,12.0
E6A4G1T36,4275,7.0,0.0013812378069186,16.0
E6A4G1T37,5066,7.0,0.0032072185150873,5.0
E6A4G1T38,3694,8.0,0.0001758769658478,28.0
E6A4G1T39,4752,7.0,0.0024422586273228,12.0
E6A4G1T4,2650,9.0,0.0,49.0
E6A4G1T40,4994,7.0,0.0030917437142581,4.0
E6A4G1T5,4575,7.0,0.002164388570016,12.0
E6A4G1T6,5284,7.0,0.0035383034511085,3.0
E6A4G1T7,5078,7.0,0.0031412475342369,5.0
E6A4G1T8,4532,7.0,0.0021238353852285,14.0
E6A4G1T9,4000,7.0,0.0003749492054049,21.0
E6A4G4T1,650,15.0,0.0,84.0
E6A4G4T10,4533,7.0,0.0338066753558633,12.0
E6A4G4T11,5149,7.0,0.0430909149446289,3.0
E6A4G4T12,4485,7.0,0.0321931077361348,12.0
E6A4G4T13,4846,7.0,0.0370508631163382,7.0
E6A4G4T14,4325,7.0,0.0290342088512991,18.0
E6A4G4T15,4051,7.0,0.0212015341117062,24.0
E6A4G4T16,4419,7.0,0.0289355587001306,14.0
E6A4G4T17,5336,7.0,0.043609118196912,3.0
E6A4G4T18,3481,8.0,0.0093144086510216,34.0
E6A4G4T19,3120,8.0,0.0031434747800196,42.0
E6A4G4T2,5152,7.0,0.0428216325161783,3.0
E6A4G4T20,4611,7.0,0.0343546741346302,14.0
E6A4G4T21,4245,7.0,0.0259309521383286,21.0
E6A4G4T22,4894,7.0,0.0397517405030924,8.0
E6A4G4T23,3812,8.0,0.0161860898733838,29.0
E6A4G4T24,4594,7.0,0.0351344705676194,10.0
E6A4G4T25,3999,7.0,0.0213811889235074,23.0
E6A4G4T26,3943,8.0,0.0195332597583973,23.0
E6A4G4T27,4079,7.0,0.0224014083057139,20.0
E6A4G4T28,4067,7.0,0.0214168561621681,23.0
E6A4G4T29,5016,7.0,0.0399803129991108,4.0
E6A4G4T3,5022,7.0,0.0418316578849816,4.0
E6A4G4T30,4832,7.0,0.0392636869637395,8.0
E6A4G4T31,4711,7.0,0.0351610029378648,8.0
E6A4G4T32,3501,8.0,0.0109923017981768,30.0
E6A4G4T33,5021,7.0,0.0406585039033581,5.0
E6A4G4T34,4877,7.0,0.0371231447211245,9.0
E6A4G4T35,4511,7.0,0.0309305402907261,15.0
E6A4G4T36,1367,13.0,0.0,74.0
E6A4G4T37,4075,7.0,0.022246066478062,21.0
E6A4G4T38,3766,8.0,0.0156431028529294,26.0
E6A4G4T39,5098,7.0,0.0418148316751848,3.0
E6A4G4T4,4684,7.0,0.036179843830196,10.0
E6A4G4T40,5133,7.0,0.0420870839989097,3.0
E6A4G4T5,4992,7.0,0.0411262880148705,4.0
E6A4G4T6,3654,8.0,0.0144552369860833,28.0
E6A4G4T7,4648,7.0,0.0371659778880779,10.0
E6A4G4T8,4937,7.0,0.0389569672421141,8.0
E6A4G4T9,4098,8.0,0.0217592396478412,23.0
E6A4G6T1,5119,7.0,0.0963616963992818,3.0
E6A4G6T10,4728,7.0,0.0877449625319899,10.0
E6A4G6T11,4641,7.0,0.0867143427357831,12.0
E6A4G6T12,4140,8.0,0.0709603147529558,22.0
E6A4G6T13,4137,8.0,0.0733011294102804,18.0
E6A4G6T14,4461,7.0,0.0817628774623404,13.0
E6A4G6T15,3264,8.0,0.0321295469811763,37.0
E6A4G6T16,4855,7.0,0.0885908724987663,8.0
E6A4G6T17,4185,8.0,0.0760415743293037,20.0
E6A4G6T18,4738,7.0,0.0909641774898219,6.0
E6A4G6T19,5020,7.0,0.0942651213240947,4.0
E6A4G6T2,4130,7.0,0.0732372111561362,18.0
E6A4G6T20,4622,7.0,0.087729205821865,10.0
E6A4G6T21,4697,7.0,0.0869656790300676,10.0
E6A4G6T22,4580,7.0,0.0853573295907429,11.0
E6A4G6T23,4412,7.0,0.0813825664966067,13.0
E6A4G6T24,4502,7.0,0.084132764142496,12.0
E6A4G6T25,4980,7.0,0.0936519211224176,5.0
E6A4G6T26,4176,8.0,0.071172657540243,21.0
E6A4G6T27,4200,7.0,0.0755003271172557,16.0
E6A4G6T28,4303,7.0,0.0785784679977561,15.0
E6A4G6T29,4760,7.0,0.0883921566054113,10.0
E6A4G6T3,4353,7.0,0.0793968188347908,17.0
E6A4G6T30,4476,7.0,0.0827577300532222,14.0
E6A4G6T31,4770,7.0,0.0895771265726544,9.0
E6A4G6T32,4385,7.0,0.0811884315105444,15.0
E6A4G6T33,4438,7.0,0.0821225413595246,13.0
E6A4G6T34,5121,7.0,0.0966150220831613,3.0
E6A4G6T35,4895,7.0,0.0901018818759066,5.0
E6A4G6T36,3643,8.0,0.0531556898549803,31.0
E6A4G6T37,4954,7.0,0.0901864990645684,3.0
E6A4G6T38,3914,8.0,0.0653993608476781,25.0
E6A4G6T39,4954,7.0,0.0926383020126787,5.0
E6A4G6T4,4918,7.0,0.0940248550181325,5.0
E6A4G6T40,4021,8.0,0.0698055426068784,23.0
E6A4G6T5,4686,7.0,0.0902186614621678,10.0
E6A4G6T6,5163,7.0,0.0962345945446154,3.0
E6A4G6T7,4228,7.0,0.075964011171498,18.0
E6A4G6T8,4954,7.0,0.0943418093390497,3.0
E6A4G6T9,4995,7.0,0.0946650113686793,3.0
E6A4G9T1,3152,9.0,0.168780576060357,35.0
E6A4G9T10,4127,8.0,0.2336947852158803,13.0
E6A4G9T11,4388,8.0,0.2487841606018073,6.0
E6A4G9T12,4188,8.0,0.2344496401651086,14.0
E6A4G9T13,4102,8.0,0.2283630981331852,14.0
E6A4G9T14,4483,8.0,0.2526922309490012,9.0
E6A4G9T15,4718,8.0,0.2616664634392851,4.0
E6A4G9T16,3993,8.0,0.2294254633687107,18.0
E6A4G9T17,4659,7.0,0.2618867353196507,3.0
E6A4G9T18,4330,8.0,0.2479474065466605,7.0
E6A4G9T19,4727,7.0,0.2623735640166337,3.0
E6A4G9T2,4203,8.0,0.2303856817197849,16.0
E6A4G9T20,4541,7.0,0.2553722211962641,5.0
E6A4G9T21,4844,7.0,0.2626444340181835,3.0
E6A4G9T22,4172,8.0,0.2355967090374977,14.0
E6A4G9T23,3038,9.0,0.1691596583700617,35.0
E6A4G9T24,4555,8.0,0.2520547441424852,7.0
E6A4G9T25,4934,7.0,0.2624478892168325,3.0
E6A4G9T26,4692,7.0,0.2565975678214991,6.0
E6A4G9T27,4585,7.0,0.2579127257478878,5.0
E6A4G9T28,4373,8.0,0.2488030259316747,9.0
E6A4G9T29,3354,8.0,0.188663365780117,31.0
E6A4G9T3,4426,8.0,0.2496438083679173,10.0
E6A4G9T30,4446,8.0,0.2502118543680441,8.0
E6A4G9T31,4425,8.0,0.2480283320989173,10.0
E6A4G9T32,4114,8.0,0.2350253892350177,11.0
E6A4G9T33,4420,8.0,0.247079903523183,6.0
E6A4G9T34,4722,7.0,0.2602261878342035,3.0
E6A4G9T35,4369,8.0,0.2463461411964142,8.0
E6A4G9T36,4363,8.0,0.2485339147335832,7.0
E6A4G9T37,4457,8.0,0.2489763059309294,9.0
E6A4G9T38,4740,7.0,0.2612737742928253,4.0
E6A4G9T39,4682,7.0,0.2630266987378596,3.0
E6A4G9T4,3469,8.0,0.1948679188022987,28.0
E6A4G9T40,3243,9.0,0.1769973127375457,34.0
E6A4G9T5,3969,8.0,0.2281711964023972,16.0
E6A4G9T6,0,18.0,0.0,
E6A4G9T7,4330,8.0,0.2420150875900376,8.0
E6A4G9T8,4321,8.0,0.2392293549692795,13.0
E6A4G9T9,4642,8.0,0.253357959263422,4.0
E6A6G1T1,2600,9.0,0.0,50.0
E6A6G1T10,5059,7.0,0.0038398577964303,4.0
E6A6G1T11,4654,7.0,0.0027073842377565,10.0
E6A6G1T12,4929,7.0,0.0035986302296174,5.0
E6A6G1T13,4479,7.0,0.0017183766454794,17.0
E6A6G1T14,4709,7.0,0.0024878660834079,9.0
E6A6G1T15,4927,7.0,0.0032573851396276,5.0
E6A6G1T16,4767,7.0,0.0026553369453712,8.0
E6A6G1T17,4361,7.0,0.0017112551088269,17.0
E6A6G1T18,2249,10.0,0.0,54.0
E6A6G1T19,3738,8.0,0.0003134943098682,29.0
E6A6G1T2,4290,7.0,0.0012475557141273,19.0
E6A6G1T20,5037,7.0,0.0036996228853165,7.0
E6A6G1T21,5127,7.0,0.00391769232817,3.0
E6A6G1T22,5131,7.0,0.0040364147173246,4.0
E6A6G1T23,2843,9.0,1.863137054346516e-06,46.0
E6A6G1T24,4886,7.0,0.0033834867293997,4.0
E6A6G1T25,4945,7.0,0.0037039285163028,6.0
E6A6G1T26,4572,7.0,0.0020282564262627,12.0
E6A6G1T27,3359,8.0,5.059934699785277e-05,33.0
E6A6G1T28,5350,7.0,0.0043038574816686,3.0
E6A6G1T29,4628,7.0,0.0022946787783737,13.0
E6A6G1T3,4646,7.0,0.0023920855471202,10.0
E6A6G1T30,3652,8.0,0.0002474563978814,32.0
E6A6G1T31,5151,7.0,0.0039085198229597,3.0
E6A6G1T32,4940,7.0,0.0030227088650666,9.0
E6A6G1T33,4895,7.0,0.0034784339105176,8.0
E6A6G1T34,5248,7.0,0.0043399513720634,3.0
E6A6G1T35,5130,7.0,0.0038874014601497,3.0
E6A6G1T36,5032,7.0,0.0037894025197356,3.0
E6A6G1T37,5091,7.0,0.0039423126217084,3.0
E6A6G1T38,3950,8.0,0.0004571756935252,25.0
E6A6G1T39,4241,7.0,0.0010510519950068,17.0
E6A6G1T4,4651,7.0,0.0028019633245659,10.0
E6A6G1T40,4550,7.0,0.0020659558723116,13.0
E6A6G1T5,3770,8.0,0.0002830123807612,29.0
E6A6G1T6,4962,7.0,0.0036480137421203,3.0
E6A6G1T7,4959,7.0,0.0036982207068963,5.0
E6A6G1T8,4936,7.0,0.003216812301083,8.0
E6A6G1T9,4021,7.0,0.0004589099425792,22.0
E6A6G4T1,3926,8.0,0.0294881469792162,22.0
E6A6G4T10,1847,11.0,0.0,62.0
E6A6G4T11,4587,7.0,0.0442308921922822,8.0
E6A6G4T12,4515,7.0,0.0448353138947536,12.0
E6A6G4T13,4335,7.0,0.0380084184641744,14.0
E6A6G4T14,4405,7.0,0.0419021352883853,14.0
E6A6G4T15,4981,7.0,0.0542963924382587,4.0
E6A6G4T16,5060,7.0,0.0554324169602843,4.0
E6A6G4T17,4117,7.0,0.035054826253236,19.0
E6A6G4T18,4216,7.0,0.0341706558866609,18.0
E6A6G4T19,5155,7.0,0.060118569895387,3.0
E6A6G4T2,5014,7.0,0.055628080378978,3.0
E6A6G4T20,3858,8.0,0.0270436197799785,25.0
E6A6G4T21,4240,7.0,0.0374364352970787,15.0
E6A6G4T22,4619,7.0,0.0458886280780185,8.0
E6A6G4T23,3740,8.0,0.0229843628435945,29.0
E6A6G4T24,4586,7.0,0.0482790028674896,11.0
E6A6G4T25,4775,7.0,0.0521979272048021,5.0
E6A6G4T26,4914,7.0,0.0536724184747486,5.0
E6A6G4T27,3597,8.0,0.0171868531422602,32.0
E6A6G4T28,2608,9.0,0.0008467593859532,48.0
E6A6G4T29,2630,9.0,0.0004416980346354,47.0
E6A6G4T3,4303,7.0,0.0378582058973467,14.0
E6A6G4T30,5009,7.0,0.0588447972265639,3.0
E6A6G4T31,4128,7.0,0.0335393623372795,20.0
E6A6G4T32,4445,7.0,0.0410976575550991,10.0
E6A6G4T33,4126,8.0,0.0337041048600558,17.0
E6A6G4T34,4938,7.0,0.0563358332550907,3.0
E6A6G4T35,4769,7.0,0.0502271087881209,7.0
E6A6G4T36,4096,8.0,0.0320236051420734,22.0
E6A6G4T37,3263,8.0,0.0090392318851398,34.0
E6A6G4T38,4512,7.0,0.0402045953618762,14.0
E6A6G4T39,3426,8.0,0.0142833499646644,31.0
E6A6G4T4,4071,8.0,0.0322397800931114,21.0
E6A6G4T40,4710,7.0,0.0498273752321457,9.0
E6A6G4T5,4704,7.0,0.0479399820318409,8.0
E6A6G4T6,4868,7.0,0.0521354936089902,5.0
E6A6G4T7,4767,7.0,0.0487621820998173,8.0
E6A6G4T8,3984,8.0,0.0305623651904485,20.0
E6A6G4T9,2495,9.0,0.0,51.0
E6A6G6T1,4408,8.0,0.1305268805278464,9.0
E6A6G6T10,4443,8.0,0.1307762679269449,12.0
E6A6G6T11,4195,8.0,0.1187824879193839,16.0
E6A6G6T12,4717,7.0,0.1429839355226961,3.0
E6A6G6T13,4284,7.0,0.123268403123521,14.0
E6A6G6T14,4328,8.0,0.1211974004176149,13.0
E6A6G6T15,3474,8.0,0.0738338070943089,27.0
E6A6G6T16,4274,8.0,0.1197741373722268,16.0
E6A6G6T17,3578,8.0,0.0760433295103441,29.0
E6A6G6T18,3711,8.0,0.0898811467684342,26.0
E6A6G6T19,3505,8.0,0.0733194814483517,31.0
E6A6G6T2,3757,8.0,0.0918839496404389,23.0
E6A6G6T20,2727,9.0,0.0147627172142517,43.0
E6A6G6T21,4494,7.0,0.1349928535324348,10.0
E6A6G6T22,3404,8.0,0.0722980660950441,29.0
E6A6G6T23,4299,8.0,0.1239558931220929,12.0
E6A6G6T24,4251,8.0,0.1187473584385242,14.0
E6A6G6T25,4317,8.0,0.124460115400703,14.0
E6A6G6T26,4167,8.0,0.1175680640325122,15.0
E6A6G6T27,3883,8.0,0.1048017547845411,19.0
E6A6G6T28,4568,7.0,0.1338983515947325,7.0
E6A6G6T29,4859,7.0,0.1463939326650863,5.0
E6A6G6T3,4010,8.0,0.1077604808211357,18.0
E6A6G6T30,3225,8.0,0.0518752466792385,33.0
E6A6G6T31,4272,8.0,0.1228319269703275,16.0
E6A6G6T32,3884,8.0,0.0986739909301893,21.0
E6A6G6T33,4868,7.0,0.1499777586763123,3.0
E6A6G6T34,4767,7.0,0.1440633652635239,4.0
E6A6G6T35,4318,8.0,0.1250801992987628,14.0
E6A6G6T36,4752,7.0,0.1443672517785917,3.0
E6A6G6T37,3439,8.0,0.0670630688140484,32.0
E6A6G6T38,4158,8.0,0.1188631637170184,14.0
E6A6G6T39,4211,8.0,0.1215891955897755,15.0
E6A6G6T4,4521,7.0,0.130665168220945,11.0
E6A6G6T40,4795,7.0,0.1468551746055837,6.0
E6A6G6T5,4598,7.0,0.1338374325710523,7.0
E6A6G6T6,4266,8.0,0.1199017168787022,13.0
E6A6G6T7,3643,8.0,0.0867472240815727,27.0
E6A6G6T8,3879,8.0,0.1007365526086855,23.0
E6A6G6T9,4469,8.0,0.1286576640530989,10.0
E6A6G9T1,3098,9.0,0.2986862731170747,28.0
E6A6G9T10,4096,8.0,0.4355902676839044,8.0
E6A6G9T11,4127,8.0,0.4483302125176941,3.0
E6A6G9T12,4135,8.0,0.4440370960518149,4.0
E6A6G9T13,2354,10.0,0.1282351703744721,44.0
E6A6G9T14,4207,8.0,0.4486609916187897,4.0
E6A6G9T15,3920,8.0,0.4219481039444628,10.0
E6A6G9T16,3957,8.0,0.4272718473205277,8.0
E6A6G9T17,4052,8.0,0.446335516067507,6.0
E6A6G9T18,3888,8.0,0.4161056017058128,9.0
E6A6G9T19,4020,8.0,0.4382433912331659,6.0
E6A6G9T2,3585,8.0,0.3897183767618053,16.0
E6A6G9T20,3902,8.0,0.4206395376386881,10.0
E6A6G9T21,2356,10.0,0.0968807787611707,44.0
E6A6G9T22,3615,8.0,0.3944671019448745,14.0
E6A6G9T23,3951,8.0,0.4276173228950322,7.0
E6A6G9T24,2890,9.0,0.2656678201062481,31.0
E6A6G9T25,3993,8.0,0.4365492213275691,4.0
E6A6G9T26,3981,8.0,0.4274598094125201,9.0
E6A6G9T27,4034,8.0,0.4277674688483133,5.0
E6A6G9T28,3779,8.0,0.4110710960339033,12.0
E6A6G9T29,2423,10.0,0.1251948886230462,42.0
E6A6G9T3,3140,9.0,0.3149820958433941,27.0
E6A6G9T30,1580,13.0,0.0,64.0
E6A6G9T31,3159,9.0,0.328471573861105,24.0
E6A6G9T32,4265,8.0,0.458000608223969,3.0
E6A6G9T33,3450,8.0,0.3596746682704133,20.0
E6A6G9T34,2970,9.0,0.2910373907796999,28.0
E6A6G9T35,3283,9.0,0.3377832437319725,21.0
E6A6G9T36,3629,8.0,0.3948125845810775,15.0
E6A6G9T37,4116,8.0,0.4464902804876054,5.0
E6A6G9T38,4094,8.0,0.4435893540389253,6.0
E6A6G9T39,2695,10.0,0.2155174022348798,35.0
E6A6G9T4,3537,8.0,0.3667310252124827,17.0
E6A6G9T40,3153,9.0,0.3292435705847215,26.0
E6A6G9T5,2759,10.0,0.2163182671552244,38.0
E6A6G9T6,2481,10.0,0.1517989502290705,43.0
E6A6G9T7,3728,8.0,0.4080106104740961,12.0
E6A6G9T8,3012,9.0,0.275537863781589,30.0
E6A6G9T9,2971,9.0,0.2887507760890209,30.0
E6A9G1T1,4224,8.0,0.0008553030768159,14.0
E6A9G1T10,4363,7.0,0.0009101171195077,14.0
E6A9G1T11,4493,7.0,0.0009839703573076,12.0
E6A9G1T12,4813,7.0,0.0015650048590503,5.0
E6A9G1T13,4832,7.0,0.0015856673176455,7.0
E6A9G1T14,2965,9.0,4.905644944054921e-06,40.0
E6A9G1T15,4483,7.0,0.0009772243769439,10.0
E6A9G1T16,4462,7.0,0.0009481827560318,11.0
E6A9G1T17,3893,8.0,0.000341378278782,22.0
E6A9G1T18,4904,7.0,0.0016962310483293,4.0
E6A9G1T19,4804,7.0,0.0014824507203847,3.0
E6A9G1T2,4752,7.0,0.0015263447786155,6.0
E6A9G1T20,3850,8.0,0.0002792800476225,22.0
E6A9G1T21,2327,10.0,0.0,54.0
E6A9G1T22,2436,10.0,0.0,50.0
E6A9G1T23,3961,8.0,0.0007318559144715,18.0
E6A9G1T24,2280,10.0,0.0,55.0
E6A9G1T25,2230,10.0,0.0,57.0
E6A9G1T26,4493,7.0,0.0009573592363915,12.0
E6A9G1T27,4674,7.0,0.0014438209625535,10.0
E6A9G1T28,3965,8.0,0.0003742411945771,21.0
E6A9G1T29,4442,7.0,0.000993060935955,9.0
E6A9G1T3,4377,7.0,0.0009115523513269,13.0
E6A9G1T30,4330,8.0,0.0009059154889405,12.0
E6A9G1T31,4383,7.0,0.0009508495457445,12.0
E6A9G1T32,4212,7.0,0.0008881142285493,16.0
E6A9G1T33,3823,8.0,0.0002679914821108,22.0
E6A9G1T34,4875,7.0,0.0016556074406912,6.0
E6A9G1T35,4723,7.0,0.0014929474729152,8.0
E6A9G1T36,3661,8.0,0.0001618782291203,29.0
E6A9G1T37,4331,7.0,0.0008893520430285,15.0
E6A9G1T38,3476,8.0,8.736130240722492e-05,32.0
E6A9G1T39,3782,8.0,0.0002262633405585,25.0
E6A9G1T4,4427,7.0,0.000966937932111,9.0
E6A9G1T40,4839,7.0,0.0016273485001637,3.0
E6A9G1T5,4573,7.0,0.0010346995086634,9.0
E6A9G1T6,4748,7.0,0.001567957328786,6.0
E6A9G1T7,4291,8.0,0.0009059703300975,15.0
E6A9G1T8,2699,9.0,2.2274135526117698e-07,48.0
E6A9G1T9,4869,7.0,0.0016137083490475,5.0
E6A9G4T1,3998,8.0,0.0483624546037011,15.0
E6A9G4T10,4591,8.0,0.0674383973427823,4.0
E6A9G4T11,3734,8.0,0.0310686572557639,22.0
E6A9G4T12,4505,8.0,0.0678660007875233,4.0
E6A9G4T13,4105,8.0,0.0563530239485465,11.0
E6A9G4T14,3548,8.0,0.02656244956262,21.0
E6A9G4T15,4069,8.0,0.0538179207765023,13.0
E6A9G4T16,4150,8.0,0.0601425450005038,11.0
E6A9G4T17,4496,8.0,0.0660130942649625,6.0
E6A9G4T18,4192,8.0,0.0604352700114047,9.0
E6A9G4T19,4005,8.0,0.0489224979297854,15.0
E6A9G4T2,3838,8.0,0.0349308075111582,18.0
E6A9G4T20,2357,10.0,0.0,50.0
E6A9G4T21,3578,8.0,0.0286543436623832,22.0
E6A9G4T22,4445,8.0,0.0674163919225308,4.0
E6A9G4T23,4572,8.0,0.0678135528889963,3.0
E6A9G4T24,2875,9.0,0.0053394968541192,39.0
E6A9G4T25,4439,8.0,0.0663048527949899,4.0
E6A9G4T26,4331,8.0,0.0627650668593751,5.0
E6A9G4T27,4190,8.0,0.0624858170913454,7.0
E6A9G4T28,4261,8.0,0.0591442329054254,9.0
E6A9G4T29,4596,8.0,0.0671581621280729,5.0
E6A9G4T3,2842,9.0,0.0044980726697314,37.0
E6A9G4T30,2910,9.0,0.0076809202092402,33.0
E6A9G4T31,3462,9.0,0.0242855207091653,23.0
E6A9G4T32,4481,8.0,0.0676252716789061,4.0
E6A9G4T33,4082,8.0,0.0467394393356762,14.0
E6A9G4T34,3298,9.0,0.018336642802112,27.0
E6A9G4T35,4523,8.0,0.0688765332192578,3.0
E6A9G4T36,3974,8.0,0.050273546640234,11.0
E6A9G4T37,3361,9.0,0.0214660286796176,26.0
E6A9G4T38,3925,8.0,0.036509301449243,12.0
E6A9G4T39,4063,8.0,0.0502602135681616,12.0
E6A9G4T4,3900,8.0,0.0401674691022247,15.0
E6A9G4T40,4154,8.0,0.0589994066478328,11.0
E6A9G4T5,2907,9.0,0.0063164149063111,38.0
E6A9G4T6,3591,8.0,0.0297174259484901,22.0
E6A9G4T7,4292,8.0,0.063007405217826,3.0
E6A9G4T8,4516,8.0,0.0669570604814387,5.0
E6A9G4T9,3416,9.0,0.0243014058478479,24.0
E6A9G6T1,3743,8.0,0.163848173471018,15.0
E6A9G6T10,3271,9.0,0.1155834032102831,21.0
E6A9G6T11,4021,8.0,0.2078055922145964,7.0
E6A9G6T12,4087,8.0,0.2129193156735034,6.0
E6A9G6T13,2703,10.0,0.0313678394449597,34.0
E6A9G6T14,2296,10.0,0.0022814592753265,44.0
E6A9G6T15,4101,8.0,0.2158534825016013,3.0
E6A9G6T16,3203,9.0,0.1058107007534518,23.0
E6A9G6T17,3621,8.0,0.1530934419868482,17.0
E6A9G6T18,3951,8.0,0.2056457163530403,7.0
E6A9G6T19,4054,8.0,0.2103585090463785,7.0
E6A9G6T2,2556,10.0,0.0235157103615514,37.0
E6A9G6T20,3968,8.0,0.2010791602573278,7.0
E6A9G6T21,3159,9.0,0.0886590524651798,26.0
E6A9G6T22,3693,8.0,0.1574903563197743,13.0
E6A9G6T23,3916,8.0,0.1992910632489788,9.0
E6A9G6T24,3051,9.0,0.0805705942117786,30.0
E6A9G6T25,3745,8.0,0.1657620245577429,11.0
E6A9G6T26,4271,8.0,0.2246459308220768,3.0
E6A9G6T27,4153,8.0,0.2198622114002837,3.0
E6A9G6T28,4029,8.0,0.2106310445994805,5.0
E6A9G6T29,2603,10.0,0.0268418286835136,38.0
E6A9G6T3,2512,10.0,0.0148644629944706,39.0
E6A9G6T30,4044,8.0,0.205744554236918,4.0
E6A9G6T31,4115,8.0,0.2171714992121853,3.0
E6A9G6T32,3858,8.0,0.195447910993106,10.0
E6A9G6T33,3257,9.0,0.1153899317168265,22.0
E6A9G6T34,3560,9.0,0.152176765702432,16.0
E6A9G6T35,2679,10.0,0.0302246741413555,36.0
E6A9G6T36,4077,8.0,0.2115626178710058,5.0
E6A9G6T37,4013,8.0,0.2018578294571262,8.0
E6A9G6T38,3588,9.0,0.1554224072636837,18.0
E6A9G6T39,3536,9.0,0.1430834983139104,18.0
E6A9G6T4,3263,9.0,0.1126019297584682,25.0
E6A9G6T40,3915,8.0,0.1971748178376483,7.0
E6A9G6T5,3935,8.0,0.1918097905445504,9.0
E6A9G6T6,3747,8.0,0.1631066040240415,13.0
E6A9G6T7,3473,9.0,0.1419507151508972,16.0
E6A9G6T8,4317,8.0,0.2245666311699337,3.0
E6A9G6T9,4052,8.0,0.2220710835047183,5.0
E6A9G9T1,3101,9.0,0.6986689576035311,7.0
E6A9G9T10,2986,10.0,0.6643692076723775,15.0
E6A9G9T11,2266,11.0,0.2306363319197228,33.0
E6A9G9T12,2196,11.0,0.2053770458775351,33.0
E6A9G9T13,3345,9.0,0.7584626577841755,3.0
E6A9G9T14,2186,11.0,0.2140782572996747,31.0
E6A9G9T15,2959,10.0,0.6567640984220977,10.0
E6A9G9T16,1640,12.0,0.0,48.0
E6A9G9T17,2229,11.0,0.1859909409256065,35.0
E6A9G9T18,3182,9.0,0.7343068155471761,5.0
E6A9G9T19,3002,9.0,0.6627033130132047,10.0
E6A9G9T2,3007,9.0,0.6865932451780046,12.0
E6A9G9T20,2975,9.0,0.6666187152390513,14.0
E6A9G9T21,2516,10.0,0.4393646816063253,25.0
E6A9G9T22,2805,10.0,0.6063156165506473,16.0
E6A9G9T23,2445,11.0,0.3875279270708257,28.0
E6A9G9T24,1554,13.0,0.0,55.0
E6A9G9T25,3050,9.0,0.6840106706075284,10.0
E6A9G9T26,2909,10.0,0.612564909176718,17.0
E6A9G9T27,2500,11.0,0.4242688424913464,24.0
E6A9G9T28,2732,10.0,0.5806366954717737,22.0
E6A9G9T29,1948,12.0,0.0546350819400928,44.0
E6A9G9T3,2956,10.0,0.6596442585970017,15.0
E6A9G9T30,2827,10.0,0.6061054478437068,12.0
E6A9G9T31,3131,10.0,0.6959173502170671,7.0
E6A9G9T32,3016,10.0,0.6693810072273741,13.0
E6A9G9T33,3004,10.0,0.6735955354444914,13.0
E6A9G9T34,2704,10.0,0.52060656308337,22.0
E6A9G9T35,2933,10.0,0.6310711153960041,15.0
E6A9G9T36,3425,9.0,0.775739841440164,3.0
E6A9G9T37,2540,10.0,0.4663501189678949,21.0
E6A9G9T38,2789,10.0,0.6173288433111738,15.0
E6A9G9T39,2671,10.0,0.5391848449392873,21.0
E6A9G9T4,2414,10.0,0.3936146022428137,26.0
E6A9G9T40,3094,9.0,0.690241639471515,10.0
E6A9G9T5,3121,9.0,0.7044669559403789,8.0
E6A9G9T6,3246,9.0,0.7465718385839034,5.0
E6A9G9T7,3027,10.0,0.6749441741599751,12.0
E6A9G9T8,3039,10.0,0.6756837819385063,8.0
E6A9G9T9,2970,10.0,0.6630303030878639,14.0
E9A1G1T1,0,78.0,0.0,
E9A1G1T10,0,81.0,0.0,
E9A1G1T11,0,80.0,0.0,
E9A1G1T12,0,78.0,0.0,
E9A1G1T13,0,81.0,0.0,
E9A1G1T14,0,80.0,0.0,
E9A1G1T15,0,80.0,0.0,
E9A1G1T16,0,81.0,0.0,
E9A1G1T17,0,79.0,0.0,
E9A1G1T18,0,80.0,0.0,
E9A1G1T19,0,81.0,0.0,
E9A1G1T2,0,80.0,0.0,
E9A1G1T20,0,80.0,0.0,
E9A1G1T21,0,80.0,0.0,
E9A1G1T22,0,80.0,0.0,
E9A1G1T23,0,79.0,0.0,
E9A1G1T24,0,80.0,0.0,
E9A1G1T25,3741,28.0,0.0,58.0
E9A1G1T26,0,79.0,0.0,
E9A1G1T27,0,80.0,0.0,
E9A1G1T28,0,80.0,0.0,
E9A1G1T29,0,80.0,0.0,
E9A1G1T3,0,79.0,0.0,
E9A1G1T30,0,79.0,0.0,
E9A1G1T31,0,81.0,0.0,
E9A1G1T32,0,80.0,0.0,
E9A1G1T33,0,80.0,0.0,
E9A1G1T34,0,80.0,0.0,
E9A1G1T35,0,80.0,0.0,
E9A1G1T36,0,80.0,0.0,
E9A1G1T37,0,79.0,0.0,
E9A1G1T38,0,79.0,0.0,
E9A1G1T39,0,81.0,0.0,
E9A1G1T4,0,79.0,0.0,
E9A1G1T40,0,79.0,0.0,
E9A1G1T5,0,81.0,0.0,
E9A1G1T6,0,80.0,0.0,
E9A1G1T7,0,80.0,0.0,
E9A1G1T8,0,80.0,0.0,
E9A1G1T9,0,80.0,0.0,
E9A1G4T1,0,80.0,0.0,
E9A1G4T10,0,80.0,0.0,
E9A1G4T11,0,80.0,0.0,
E9A1G4T12,0,79.0,0.0,
E9A1G4T13,0,79.0,0.0,
E9A1G4T14,0,81.0,0.0,
E9A1G4T15,0,80.0,0.0,
E9A1G4T16,0,79.0,0.0,
E9A1G4T17,0,80.0,0.0,
E9A1G4T18,0,81.0,0.0,
E9A1G4T19,0,78.0,0.0,
E9A1G4T2,0,80.0,0.0,
E9A1G4T20,0,80.0,0.0,
E9A1G4T21,0,81.0,0.0,
E9A1G4T22,0,81.0,0.0,
E9A1G4T23,0,79.0,0.0,
E9A1G4T24,0,80.0,0.0,
E9A1G4T25,0,79.0,0.0,
E9A1G4T26,0,80.0,0.0,
E9A1G4T27,0,79.0,0.0,
E9A1G4T28,0,81.0,0.0,
E9A1G4T29,0,81.0,0.0,
E9A1G4T3,0,80.0,0.0,
E9A1G4T30,0,77.0,0.0,
E9A1G4T31,0,79.0,0.0,
E9A1G4T32,0,80.0,0.0,
E9A1G4T33,0,79.0,0.0,
E9A1G4T34,0,80.0,0.0,
E9A1G4T35,0,80.0,0.0,
E9A1G4T36,0,80.0,0.0,
E9A1G4T37,0,80.0,0.0,
E9A1G4T38,0,79.0,0.0,
E9A1G4T39,0,81.0,0.0,
E9A1G4T4,0,82.0,0.0,
E9A1G4T40,0,79.0,0.0,
E9A1G4T5,1,80.0,0.0,
E9A1G4T6,0,79.0,0.0,
E9A1G4T7,0,79.0,0.0,
E9A1G4T8,0,80.0,0.0,
E9A1G4T9,0,80.0,0.0,
E9A1G6T1,0,80.0,0.0,
E9A1G6T10,0,79.0,0.0,
E9A1G6T11,0,78.0,0.0,
E9A1G6T12,0,78.0,0.0,
E9A1G6T13,5990,6.0,0.0058528742635647,33.0
E9A1G6T14,0,80.0,0.0,
E9A1G6T15,0,79.0,0.0,
E9A1G6T16,0,80.0,0.0,
E9A1G6T17,0,80.0,0.0,
E9A1G6T18,0,80.0,0.0,
E9A1G6T19,0,79.0,0.0,
E9A1G6T2,0,80.0,0.0,
E9A1G6T20,0,79.0,0.0,
E9A1G6T21,0,81.0,0.0,
E9A1G6T22,0,80.0,0.0,
E9A1G6T23,0,80.0,0.0,
E9A1G6T24,0,79.0,0.0,
E9A1G6T25,0,79.0,0.0,
E9A1G6T26,3326,36.0,0.0,62.0
E9A1G6T27,0,79.0,0.0,
E9A1G6T28,0,80.0,0.0,
E9A1G6T29,0,78.0,0.0,
E9A1G6T3,0,78.0,0.0,
E9A1G6T30,0,80.0,0.0,
E9A1G6T31,1993,56.0,0.0,77.0
E9A1G6T32,0,80.0,0.0,
E9A1G6T33,0,81.0,0.0,
E9A1G6T34,0,80.0,0.0,
E9A1G6T35,0,79.0,0.0,
E9A1G6T36,0,82.0,0.0,
E9A1G6T37,0,79.0,0.0,
E9A1G6T38,0,81.0,0.0,
E9A1G6T39,0,80.0,0.0,
E9A1G6T4,0,79.0,0.0,
E9A1G6T40,0,80.0,0.0,
E9A1G6T5,0,79.0,0.0,
E9A1G6T6,0,80.0,0.0,
E9A1G6T7,0,80.0,0.0,
E9A1G6T8,0,80.0,0.0,
E9A1G6T9,0,80.0,0.0,
E9A1G9T1,0,81.0,0.0,
E9A1G9T10,0,80.0,0.0,
E9A1G9T11,0,79.0,0.0,
E9A1G9T12,0,80.0,0.0,
E9A1G9T13,0,80.0,0.0,
E9A1G9T14,0,79.0,0.0,
E9A1G9T15,1,81.0,0.0,
E9A1G9T16,3189,38.0,0.0,61.0
E9A1G9T17,0,80.0,0.0,
E9A1G9T18,0,80.0,0.0,
E9A1G9T19,0,80.0,0.0,
E9A1G9T2,0,80.0,0.0,
E9A1G9T20,0,80.0,0.0,
E9A1G9T21,0,79.0,0.0,
E9A1G9T22,0,79.0,0.0,
E9A1G9T23,0,80.0,0.0,
E9A1G9T24,0,80.0,0.0,
E9A1G9T25,1,80.0,0.0,
E9A1G9T26,0,80.0,0.0,
E9A1G9T27,0,80.0,0.0,
E9A1G9T28,0,81.0,0.0,
E9A1G9T29,0,79.0,0.0,
E9A1G9T3,0,80.0,0.0,
E9A1G9T30,0,80.0,0.0,
E9A1G9T31,0,79.0,0.0,
E9A1G9T32,0,81.0,0.0,
E9A1G9T33,0,81.0,0.0,
E9A1G9T34,0,79.0,0.0,
E9A1G9T35,0,82.0,0.0,
E9A1G9T36,0,79.0,0.0,
E9A1G9T37,0,79.0,0.0,
E9A1G9T38,0,79.0,0.0,
E9A1G9T39,0,80.0,0.0,
E9A1G9T4,0,79.0,0.0,
E9A1G9T40,0,80.0,0.0,
E9A1G9T5,0,80.0,0.0,
E9A1G9T6,0,81.0,0.0,
E9A1G9T7,0,80.0,0.0,
E9A1G9T8,7157,6.0,0.014735114471554,19.0
E9A1G9T9,0,80.0,0.0,
E9A4G1T1,2,80.0,0.0,
E9A4G1T10,0,81.0,0.0,
E9A4G1T11,0,81.0,0.0,
E9A4G1T12,1,79.0,0.0,
E9A4G1T13,0,80.0,0.0,
E9A4G1T14,0,80.0,0.0,
E9A4G1T15,0,80.0,0.0,
E9A4G1T16,0,80.0,0.0,
E9A4G1T17,0,80.0,0.0,
E9A4G1T18,0,81.5,0.0,
E9A4G1T19,0,80.0,0.0,
E9A4G1T2,0,79.0,0.0,
E9A4G1T20,0,80.0,0.0,
E9A4G1T21,0,80.0,0.0,
E9A4G1T22,0,80.0,0.0,
E9A4G1T23,0,80.0,0.0,
E9A4G1T24,0,79.0,0.0,
E9A4G1T25,0,80.0,0.0,
E9A4G1T26,1,79.0,0.0,
E9A4G1T27,0,80.0,0.0,
E9A4G1T28,0,80.0,0.0,
E9A4G1T29,0,81.0,0.0,
E9A4G1T3,0,81.0,0.0,
E9A4G1T30,0,80.0,0.0,
E9A4G1T31,0,79.0,0.0,
E9A4G1T32,0,80.0,0.0,
E9A4G1T33,0,80.0,0.0,
E9A4G1T34,0,82.0,0.0,
E9A4G1T35,0,79.0,0.0,
E9A4G1T36,0,81.0,0.0,
E9A4G1T37,0,79.0,0.0,
E9A4G1T38,0,80.0,0.0,
E9A4G1T39,0,79.0,0.0,
E9A4G1T4,0,80.0,0.0,
E9A4G1T40,0,80.0,0.0,
E9A4G1T5,0,81.0,0.0,
E9A4G1T6,0,80.0,0.0,
E9A4G1T7,0,81.0,0.0,
E9A4G1T8,0,80.0,0.0,
E9A4G1T9,0,79.0,0.0,
E9A4G4T1,0,82.0,0.0,
E9A4G4T10,0,80.0,0.0,
E9A4G4T11,0,79.0,0.0,
E9A4G4T12,0,80.0,0.0,
E9A4G4T13,0,80.0,0.0,
E9A4G4T14,0,81.0,0.0,
E9A4G4T15,0,81.0,0.0,
E9A4G4T16,0,80.0,0.0,
E9A4G4T17,0,80.0,0.0,
E9A4G4T18,0,80.0,0.0,
E9A4G4T19,0,80.0,0.0,
E9A4G4T2,0,79.0,0.0,
E9A4G4T20,0,79.0,0.0,
E9A4G4T21,0,80.0,0.0,
E9A4G4T22,0,80.0,0.0,
E9A4G4T23,0,81.0,0.0,
E9A4G4T24,0,79.0,0.0,
E9A4G4T25,0,79.0,0.0,
E9A4G4T26,0,80.0,0.0,
E9A4G4T27,0,79.0,0.0,
E9A4G4T28,0,80.0,0.0,
E9A4G4T29,0,79.0,0.0,
E9A4G4T3,0,79.0,0.0,
E9A4G4T30,0,81.0,0.0,
E9A4G4T31,0,79.0,0.0,
E9A4G4T32,0,80.0,0.0,
E9A4G4T33,0,80.0,0.0,
E9A4G4T34,0,81.0,0.0,
E9A4G4T35,0,80.0,0.0,
E9A4G4T36,0,80.0,0.0,
E9A4G4T37,0,80.0,0.0,
E9A4G4T38,0,81.0,0.0,
E9A4G4T39,0,80.0,0.0,
E9A4G4T4,0,81.0,0.0,
E9A4G4T40,0,79.0,0.0,
E9A4G4T5,0,79.0,0.0,
E9A4G4T6,0,80.0,0.0,
E9A4G4T7,0,79.0,0.0,
E9A4G4T8,0,80.0,0.0,
E9A4G4T9,0,79.0,0.0,
E9A4G6T1,0,80.0,0.0,
E9A4G6T10,0,79.0,0.0,
E9A4G6T11,0,79.0,0.0,
E9A4G6T12,0,81.0,0.0,
E9A4G6T13,0,79.0,0.0,
E9A4G6T14,0,80.0,0.0,
E9A4G6T15,0,79.0,0.0,
E9A4G6T16,0,80.0,0.0,
E9A4G6T17,0,80.0,0.0,
E9A4G6T18,0,80.0,0.0,
E9A4G6T19,0,79.0,0.0,
E9A4G6T2,0,81.0,0.0,
E9A4G6T20,1553,62.0,0.0,81.0
E9A4G6T21,0,81.0,0.0,
E9A4G6T22,0,80.0,0.0,
E9A4G6T23,0,81.0,0.0,
E9A4G6T24,0,81.0,0.0,
E9A4G6T25,0,82.0,0.0,
E9A4G6T26,0,80.0,0.0,
E9A4G6T27,0,81.0,0.0,
E9A4G6T28,3020,42.0,0.0,66.0
E9A4G6T29,0,79.0,0.0,
E9A4G6T3,0,80.0,0.0,
E9A4G6T30,0,80.0,0.0,
E9A4G6T31,0,79.0,0.0,
E9A4G6T32,0,80.0,0.0,
E9A4G6T33,0,80.0,0.0,
E9A4G6T34,0,78.0,0.0,
E9A4G6T35,0,80.0,0.0,
E9A4G6T36,0,80.0,0.0,
E9A4G6T37,0,80.0,0.0,
E9A4G6T38,0,80.0,0.0,
E9A4G6T39,0,80.0,0.0,
E9A4G6T4,0,81.0,0.0,
E9A4G6T40,0,82.0,0.0,
E9A4G6T5,0,80.0,0.0,
E9A4G6T6,1,81.0,0.0,
E9A4G6T7,0,80.0,0.0,
E9A4G6T8,0,80.0,0.0,
E9A4G6T9,0,79.0,0.0,
E9A4G9T1,0,81.0,0.0,
E9A4G9T10,0,81.0,0.0,
E9A4G9T11,1,78.0,0.0,
E9A4G9T12,0,79.0,0.0,
E9A4G9T13,0,80.0,0.0,
E9A4G9T14,0,77.0,0.0,
E9A4G9T15,0,80.0,0.0,
E9A4G9T16,0,81.0,0.0,
E9A4G9T17,0,79.0,0.0,
E9A4G9T18,0,79.0,0.0,
E9A4G9T19,1,79.0,0.0,
E9A4G9T2,0,80.0,0.0,
E9A4G9T20,0,80.0,0.0,
E9A4G9T21,0,80.0,0.0,
E9A4G9T22,0,81.0,0.0,
E9A4G9T23,0,80.0,0.0,
E9A4G9T24,0,80.0,0.0,
E9A4G9T25,0,81.0,0.0,
E9A4G9T26,0,80.0,0.0,
E9A4G9T27,0,81.0,0.0,
E9A4G9T28,0,79.0,0.0,
E9A4G9T29,0,80.0,0.0,
E9A4G9T3,0,79.5,0.0,
E9A4G9T30,0,82.0,0.0,
E9A4G9T31,0,79.0,0.0,
E9A4G9T32,0,79.0,0.0,
E9A4G9T33,0,80.0,0.0,
E9A4G9T34,0,80.0,0.0,
E9A4G9T35,0,81.0,0.0,
E9A4G9T36,0,79.0,0.0,
E9A4G9T37,0,80.0,0.0,
E9A4G9T38,0,79.0,0.0,
E9A4G9T39,629,73.0,0.0,90.0
E9A4G9T4,0,80.0,0.0,
E9A4G9T40,0,79.0,0.0,
E9A4G9T5,0,79.0,0.0,
E9A4G9T6,0,81.0,0.0,
E9A4G9T7,0,82.0,0.0,
E9A4G9T8,0,82.0,0.0,
E9A4G9T9,0,81.0,0.0,
E9A6G1T1,0,80.0,0.0,
E9A6G1T10,0,80.0,0.0,
E9A6G1T11,0,80.0,0.0,
E9A6G1T12,1,80.0,0.0,
E9A6G1T13,0,81.5,0.0,
E9A6G1T14,4870,8.0,5.188560027047634e-06,43.0
E9A6G1T15,0,80.0,0.0,
E9A6G1T16,0,81.0,0.0,
E9A6G1T17,0,80.0,0.0,
E9A6G1T18,0,79.0,0.0,
E9A6G1T19,0,79.0,0.0,
E9A6G1T2,0,79.0,0.0,
E9A6G1T20,0,79.0,0.0,
E9A6G1T21,0,79.5,0.0,
E9A6G1T22,0,81.0,0.0,
E9A6G1T23,0,79.0,0.0,
E9A6G1T24,0,80.0,0.0,
E9A6G1T25,0,81.0,0.0,
E9A6G1T26,0,78.0,0.0,
E9A6G1T27,0,79.0,0.0,
E9A6G1T28,0,81.0,0.0,
E9A6G1T29,0,80.0,0.0,
E9A6G1T3,0,79.0,0.0,
E9A6G1T30,0,80.0,0.0,
E9A6G1T31,0,79.0,0.0,
E9A6G1T32,0,80.0,0.0,
E9A6G1T33,0,79.0,0.0,
E9A6G1T34,0,79.0,0.0,
E9A6G1T35,0,79.0,0.0,
E9A6G1T36,0,80.0,0.0,
E9A6G1T37,1,81.0,0.0,
E9A6G1T38,0,79.0,0.0,
E9A6G1T39,0,79.0,0.0,
E9A6G1T4,0,79.0,0.0,
E9A6G1T40,0,79.0,0.0,
E9A6G1T5,0,81.0,0.0,
E9A6G1T6,0,81.0,0.0,
E9A6G1T7,0,81.0,0.0,
E9A6G1T8,0,80.0,0.0,
E9A6G1T9,0,80.0,0.0,
E9A6G4T1,0,80.0,0.0,
E9A6G4T10,0,80.0,0.0,
E9A6G4T11,0,80.0,0.0,
E9A6G4T12,0,80.0,0.0,
E9A6G4T13,0,80.0,0.0,
E9A6G4T14,0,81.0,0.0,
E9A6G4T15,0,80.0,0.0,
E9A6G4T16,0,80.0,0.0,
E9A6G4T17,0,81.0,0.0,
E9A6G4T18,0,80.0,0.0,
E9A6G4T19,5719,7.0,0.0048337481343649,33.0
E9A6G4T2,0,80.0,0.0,
E9A6G4T20,0,80.0,0.0,
E9A6G4T21,0,80.5,0.0,
E9A6G4T22,0,79.0,0.0,
E9A6G4T23,0,80.0,0.0,
E9A6G4T24,0,80.0,0.0,
E9A6G4T25,0,80.0,0.0,
E9A6G4T26,0,79.0,0.0,
E9A6G4T27,0,80.0,0.0,
E9A6G4T28,0,80.0,0.0,
E9A6G4T29,0,81.0,0.0,
E9A6G4T3,0,80.0,0.0,
E9A6G4T30,0,80.0,0.0,
E9A6G4T31,0,78.0,0.0,
E9A6G4T32,5398,7.0,0.0039512511684418,39.0
E9A6G4T33,0,79.0,0.0,
E9A6G4T34,0,80.0,0.0,
E9A6G4T35,0,79.5,0.0,
E9A6G4T36,0,80.0,0.0,
E9A6G4T37,0,80.0,0.0,
E9A6G4T38,0,80.0,0.0,
E9A6G4T39,0,81.0,0.0,
E9A6G4T4,0,81.0,0.0,
E9A6G4T40,0,80.0,0.0,
E9A6G4T5,0,79.0,0.0,
E9A6G4T6,0,83.0,0.0,
E9A6G4T7,0,81.0,0.0,
E9A6G4T8,0,80.0,0.0,
E9A6G4T9,0,80.0,0.0,
E9A6G6T1,0,79.0,0.0,
E9A6G6T10,0,81.0,0.0,
E9A6G6T11,654,72.0,0.0,92.0
E9A6G6T12,0,80.0,0.0,
E9A6G6T13,3251,36.0,0.0,60.0
E9A6G6T14,0,79.0,0.0,
E9A6G6T15,0,80.0,0.0,
E9A6G6T16,0,80.0,0.0,
E9A6G6T17,0,80.0,0.0,
E9A6G6T18,0,78.0,0.0,
E9A6G6T19,0,80.0,0.0,
E9A6G6T2,0,79.0,0.0,
E9A6G6T20,0,80.0,0.0,
E9A6G6T21,0,79.0,0.0,
E9A6G6T22,0,80.0,0.0,
E9A6G6T23,0,79.0,0.0,
E9A6G6T24,0,80.0,0.0,
E9A6G6T25,0,79.0,0.0,
E9A6G6T26,0,78.0,0.0,
E9A6G6T27,0,81.0,0.0,
E9A6G6T28,0,80.0,0.0,
E9A6G6T29,0,79.0,0.0,
E9A6G6T3,0,79.0,0.0,
E9A6G6T30,0,78.0,0.0,
E9A6G6T31,0,80.0,0.0,
E9A6G6T32,0,80.0,0.0,
E9A6G6T33,0,80.0,0.0,
E9A6G6T34,0,79.0,0.0,
E9A6G6T35,0,79.0,0.0,
E9A6G6T36,0,78.0,0.0,
E9A6G6T37,0,80.0,0.0,
E9A6G6T38,0,79.0,0.0,
E9A6G6T39,0,79.0,0.0,
E9A6G6T4,0,79.0,0.0,
E9A6G6T40,0,80.0,0.0,
E9A6G6T5,940,71.0,0.0,89.0
E9A6G6T6,0,80.5,0.0,
E9A6G6T7,0,80.0,0.0,
E9A6G6T8,0,80.0,0.0,
E9A6G6T9,0,78.0,0.0,
E9A6G9T1,0,80.0,0.0,
E9A6G9T10,0,82.0,0.0,
E9A6G9T11,0,79.0,0.0,
E9A6G9T12,0,81.0,0.0,
E9A6G9T13,0,80.0,0.0,
E9A6G9T14,0,81.0,0.0,
E9A6G9T15,0,78.5,0.0,
E9A6G9T16,0,80.0,0.0,
E9A6G9T17,0,79.0,0.0,
E9A6G9T18,0,81.0,0.0,
E9A6G9T19,0,81.0,0.0,
E9A6G9T2,0,79.0,0.0,
E9A6G9T20,1,80.0,0.0,
E9A6G9T21,0,79.0,0.0,
E9A6G9T22,0,81.0,0.0,
E9A6G9T23,0,78.0,0.0,
E9A6G9T24,0,80.0,0.0,
E9A6G9T25,0,81.0,0.0,
E9A6G9T26,0,80.0,0.0,
E9A6G9T27,0,81.0,0.0,
E9A6G9T28,0,80.0,0.0,
E9A6G9T29,0,81.0,0.0,
E9A6G9T3,0,81.0,0.0,
E9A6G9T30,0,79.0,0.0,
E9A6G9T31,0,81.0,0.0,
E9A6G9T32,0,79.0,0.0,
E9A6G9T33,0,82.0,0.0,
E9A6G9T34,0,79.0,0.0,
E9A6G9T35,0,79.0,0.0,
E9A6G9T36,0,80.0,0.0,
E9A6G9T37,0,82.0,0.0,
E9A6G9T38,0,80.0,0.0,
E9A6G9T39,0,81.0,0.0,
E9A6G9T4,0,81.0,0.0,
E9A6G9T40,0,80.0,0.0,
E9A6G9T5,5719,7.0,0.0792821754696525,31.0
E9A6G9T6,0,81.0,0.0,
E9A6G9T7,0,79.0,0.0,
E9A6G9T8,0,79.0,0.0,
E9A6G9T9,0,81.0,0.0,
E9A9G1T1,0,80.0,0.0,
E9A9G1T10,0,80.0,0.0,
E9A9G1T11,0,80.0,0.0,
E9A9G1T12,0,78.0,0.0,
E9A9G1T13,0,78.0,0.0,
E9A9G1T14,0,79.0,0.0,
E9A9G1T15,0,81.0,0.0,
E9A9G1T16,0,81.0,0.0,
E9A9G1T17,0,80.0,0.0,
E9A9G1T18,0,80.0,0.0,
E9A9G1T19,0,81.0,0.0,
E9A9G1T2,0,80.0,0.0,
E9A9G1T20,0,80.0,0.0,
E9A9G1T21,0,81.0,0.0,
E9A9G1T22,0,80.0,0.0,
E9A9G1T23,0,81.0,0.0,
E9A9G1T24,0,80.0,0.0,
E9A9G1T25,0,80.0,0.0,
E9A9G1T26,0,81.0,0.0,
E9A9G1T27,5731,7.0,2.891183147382295e-06,33.0
E9A9G1T28,0,80.0,0.0,
E9A9G1T29,0,79.0,0.0,
E9A9G1T3,0,80.0,0.0,
E9A9G1T30,0,81.0,0.0,
E9A9G1T31,0,80.0,0.0,
E9A9G1T32,0,81.0,0.0,
E9A9G1T33,0,80.0,0.0,
E9A9G1T34,0,80.0,0.0,
E9A9G1T35,0,81.0,0.0,
E9A9G1T36,0,79.0,0.0,
E9A9G1T37,0,80.0,0.0,
E9A9G1T38,0,80.0,0.0,
E9A9G1T39,0,82.0,0.0,
E9A9G1T4,0,81.0,0.0,
E9A9G1T40,0,80.0,0.0,
E9A9G1T5,0,80.0,0.0,
E9A9G1T6,0,82.0,0.0,
E9A9G1T7,0,80.0,0.0,
E9A9G1T8,0,79.0,0.0,
E9A9G1T9,0,80.0,0.0,
E9A9G4T1,0,81.0,0.0,
E9A9G4T10,0,79.0,0.0,
E9A9G4T11,0,80.0,0.0,
E9A9G4T12,0,81.0,0.0,
E9A9G4T13,0,80.0,0.0,
E9A9G4T14,0,81.0,0.0,
E9A9G4T15,0,80.0,0.0,
E9A9G4T16,0,79.0,0.0,
E9A9G4T17,0,81.0,0.0,
E9A9G4T18,0,79.0,0.0,
E9A9G4T19,0,79.0,0.0,
E9A9G4T2,0,80.0,0.0,
E9A9G4T20,0,79.0,0.0,
E9A9G4T21,0,80.0,0.0,
E9A9G4T22,0,79.0,0.0,
E9A9G4T23,0,80.0,0.0,
E9A9G4T24,0,81.0,0.0,
E9A9G4T25,0,82.0,0.0,
E9A9G4T26,0,80.0,0.0,
E9A9G4T27,0,81.0,0.0,
E9A9G4T28,0,79.0,0.0,
E9A9G4T29,0,79.0,0.0,
E9A9G4T3,2,79.0,0.0,
E9A9G4T30,0,78.0,0.0,
E9A9G4T31,0,82.0,0.0,
E9A9G4T32,0,80.0,0.0,
E9A9G4T33,0,82.0,0.0,
E9A9G4T34,0,81.0,0.0,
E9A9G4T35,0,80.0,0.0,
E9A9G4T36,0,81.0,0.0,
E9A9G4T37,0,79.0,0.0,
E9A9G4T38,0,79.0,0.0,
E9A9G4T39,0,79.0,0.0,
E9A9G4T4,0,80.0,0.0,
E9A9G4T40,0,80.0,0.0,
E9A9G4T5,0,80.0,0.0,
E9A9G4T6,0,79.0,0.0,
E9A9G4T7,0,80.0,0.0,
E9A9G4T8,275,76.0,0.0,94.0
E9A9G4T9,0,79.0,0.0,
E9A9G6T1,0,80.0,0.0,
E9A9G6T10,0,80.0,0.0,
E9A9G6T11,0,81.0,0.0,
E9A9G6T12,0,81.0,0.0,
E9A9G6T13,0,80.0,0.0,
E9A9G6T14,0,81.0,0.0,
E9A9G6T15,0,79.0,0.0,
E9A9G6T16,0,79.0,0.0,
E9A9G6T17,0,80.0,0.0,
E9A9G6T18,0,80.0,0.0,
E9A9G6T19,0,81.0,0.0,
E9A9G6T2,0,80.0,0.0,
E9A9G6T20,0,80.0,0.0,
E9A9G6T21,0,81.0,0.0,
E9A9G6T22,0,80.0,0.0,
E9A9G6T23,0,79.0,0.0,
E9A9G6T24,0,81.0,0.0,
E9A9G6T25,0,80.0,0.0,
E9A9G6T26,0,80.0,0.0,
E9A9G6T27,0,80.0,0.0,
E9A9G6T28,5993,7.0,0.0235891882899207,31.0
E9A9G6T29,0,79.0,0.0,
E9A9G6T3,0,80.0,0.0,
E9A9G6T30,0,80.0,0.0,
E9A9G6T31,0,81.0,0.0,
E9A9G6T32,0,80.0,0.0,
E9A9G6T33,0,80.0,0.0,
E9A9G6T34,0,79.0,0.0,
E9A9G6T35,0,80.0,0.0,
E9A9G6T36,0,79.0,0.0,
E9A9G6T37,0,81.0,0.0,
E9A9G6T38,0,80.0,0.0,
E9A9G6T39,0,81.0,0.0,
E9A9G6T4,0,80.0,0.0,
E9A9G6T40,0,80.0,0.0,
E9A9G6T5,0,81.0,0.0,
E9A9G6T6,0,81.0,0.0,
E9A9G6T7,0,83.0,0.0,
E9A9G6T8,0,79.0,0.0,
E9A9G6T9,0,80.0,0.0,
E9A9G9T1,0,80.0,0.0,
E9A9G9T10,0,79.0,0.0,
E9A9G9T11,0,80.0,0.0,
E9A9G9T12,0,80.0,0.0,
E9A9G9T13,0,79.0,0.0,
E9A9G9T14,0,79.0,0.0,
E9A9G9T15,0,79.0,0.0,
E9A9G9T16,0,80.0,0.0,
E9A9G9T17,0,79.0,0.0,
E9A9G9T18,0,79.0,0.0,
E9A9G9T19,0,79.0,0.0,
E9A9G9T2,0,79.0,0.0,
E9A9G9T20,0,79.0,0.0,
E9A9G9T21,1,80.0,0.0,
E9A9G9T22,0,80.0,0.0,
E9A9G9T23,0,80.0,0.0,
E9A9G9T24,0,80.0,0.0,
E9A9G9T25,0,80.0,0.0,
E9A9G9T26,0,81.0,0.0,
E9A9G9T27,0,80.0,0.0,
E9A9G9T28,0,79.0,0.0,
E9A9G9T29,1,81.0,0.0,
E9A9G9T3,0,82.0,0.0,
E9A9G9T30,0,78.0,0.0,
E9A9G9T31,0,80.0,0.0,
E9A9G9T32,0,80.0,0.0,
E9A9G9T33,0,80.0,0.0,
E9A9G9T34,0,80.0,0.0,
E9A9G9T35,0,80.0,0.0,
E9A9G9T36,0,80.0,0.0,
E9A9G9T37,0,79.0,0.0,
E9A9G9T38,0,81.0,0.0,
E9A9G9T39,3893,25.0,0.0,53.0
E9A9G9T4,0,79.0,0.0,
E9A9G9T40,0,80.0,0.0,
E9A9G9T5,0,80.0,0.0,
E9A9G9T6,0,80.0,0.0,
E9A9G9T7,0,79.0,0.0,
E9A9G9T8,0,80.0,0.0,
E9A9G9T9,0,80.0,0.0,
